showcase,rank,composition,n_phases,n_phases_mp_elastic,atom_frac_soluble,mole_frac_soluble,vol_frac_soluble,vol_frac_soluble_shipped,E_voigt_GPa,E_reuss_GPa,E_hill_GPa,E_voigt_shipped,E_reuss_shipped,E_hill_shipped,target_E,target_within_bounds,target_within_bounds_shipped,soluble_phases,decomposition
dentin,1,K5Na2Ca(PO4)3,3,1,0.7,0.671,0.752,0.776,62.0,57.5,59.7,60.9,56.8,58.8,20.0,False,False,K3PO4+Na3PO4,K3PO4(0.58) + NaCaPO4(0.30) + Na3PO4(0.12)
dentin,2,K8Na2Ca2P4O17,4,2,0.73,0.603,0.769,0.825,60.7,56.6,58.7,58.4,55.1,56.7,20.0,False,False,K3PO4+Na3PO4,K3PO4(0.65) + NaCaPO4(0.21) + Na3PO4(0.08) + CaO(0.06)
dentin,3,K4Na2CaP2O9,3,2,0.89,0.669,0.884,0.968,56.3,54.3,55.3,53.0,52.3,52.7,20.0,False,False,K3PO4+Na3PO4,K3PO4(0.59) + Na3PO4(0.30) + CaO(0.11)
dentin,4,K6Na4Ca2P4O17,4,2,0.727,0.6,0.758,0.816,62.0,58.0,60.0,59.7,56.3,58.0,20.0,False,False,K3PO4+Na3PO4,K3PO4(0.48) + Na3PO4(0.24) + NaCaPO4(0.21) + CaO(0.06)
dentin,5,K4Ca(PO4)2,2,1,0.69,0.928,0.737,0.328,65.4,58.3,61.9,89.3,78.5,83.9,20.0,False,False,K3PO4,K3PO4(0.69) + KCa10(PO4)7(0.31)
dentin,6,K10Na2Ca2P6O23,4,1,0.84,0.803,0.871,0.9,59.5,56.9,58.2,59.3,57.1,58.2,20.0,False,False,K3PO4+K2CaP2O7+Na3PO4,K3PO4(0.50) + K2CaP2O7(0.28) + NaCaPO4(0.16) + Na3PO4(0.06)
dentin,7,K3NaCa(PO4)2,2,1,0.53,0.497,0.603,0.635,68.1,61.8,65.0,66.7,60.6,63.7,20.0,False,False,K3PO4,K3PO4(0.53) + NaCaPO4(0.47)
dentin,8,K10Ca2Al2P6O25,4,1,0.34,0.543,0.363,0.164,59.1,50.3,54.7,78.1,61.5,69.8,20.0,False,False,K3PO4,K3Al(PO4)2(0.42) + K3PO4(0.34) + KCa10(PO4)7(0.20) + KAl11O17(0.04)
dentin,9,K6Ca2P4O15,3,1,0.83,0.959,0.854,0.561,63.7,59.7,61.7,79.7,71.7,75.7,20.0,False,False,K2CaP2O7+K3PO4,K2CaP2O7(0.44) + K3PO4(0.39) + KCa10(PO4)7(0.17)
dentin,10,K5NaCaP2O9,3,2,0.89,0.669,0.888,0.969,55.4,53.5,54.4,52.1,51.5,51.8,20.0,False,False,K3PO4+Na3PO4,K3PO4(0.74) + Na3PO4(0.15) + CaO(0.11)
dentin,11,K6Ca2SiP4O17,4,1,0.871,0.957,0.881,0.697,63.1,60.9,62.0,68.8,65.9,67.3,20.0,False,False,K2CaP2O7+K3PO4+K2Si4O9,K2CaP2O7(0.63) + K3PO4(0.23) + K2Ca4Si8O21(0.13) + K2Si4O9(0.02)
dentin,12,K5Na3Ca(PO5)2,4,3,0.9,0.739,0.898,0.97,56.4,54.5,55.4,52.7,52.1,52.4,20.0,False,False,K3PO4+Na2O+Na3PO4,K3PO4(0.63) + Na2O(0.14) + Na3PO4(0.13) + CaO(0.10)
dentin,13,K8Na4Ca2P6O23,4,1,0.84,0.803,0.867,0.897,60.5,57.9,59.2,60.1,58.1,59.1,20.0,False,False,K3PO4+K2CaP2O7+Na3PO4,K3PO4(0.37) + K2CaP2O7(0.28) + Na3PO4(0.19) + NaCaPO4(0.16)
dentin,14,K12Ca4Si2P6O29,4,2,0.723,0.671,0.761,0.617,68.7,61.0,64.9,76.2,67.2,71.7,20.0,False,False,K3PO4+K2CaP2O7,K3PO4(0.50) + K2CaP2O7(0.23) + CaSiO3(0.19) + KCa10(PO4)7(0.09)
dentin,15,K10Ca2Si2P4O21,3,1,0.76,0.946,0.795,0.412,67.4,61.3,64.4,87.4,78.0,82.7,20.0,False,False,K3PO4+K2Si2O5,K3PO4(0.53) + KCa10(PO4)7(0.24) + K2Si2O5(0.23)
enamel,1,Sr2Ca4Si4P6O29,3,1,0.0,0.0,0.0,0.0,93.5,91.7,92.6,93.1,90.9,92.0,85.0,False,False,,Ca2P2O7(0.49) + SiO2(0.27) + Sr2P2O7(0.24)
enamel,2,Sr2Ca6Si6P6O35,3,1,0.0,0.0,0.0,0.0,99.2,96.5,97.8,101.7,98.4,100.1,85.0,False,False,,Ca3(PO4)2(0.47) + SiO2(0.33) + Sr2P2O7(0.20)
enamel,3,SrCaSiP2O9,3,1,0.0,0.0,0.0,0.0,89.2,87.1,88.1,88.2,85.8,87.0,85.0,False,False,,Ca2P2O7(0.39) + Sr2P2O7(0.39) + SiO2(0.21)
enamel,4,Ca2Mg2Al2P4O17,4,1,0.0,0.0,0.0,0.0,110.6,107.0,108.8,120.3,119.4,119.9,85.0,False,False,,Ca19Mg2(PO4)14(0.35) + MgAlPO5(0.30) + AlPO4(0.22) + Mg3(PO4)2(0.13)
enamel,5,Sr2Mg2Al2P4O17,2,0,0.0,0.0,0.0,0.0,98.1,93.0,95.6,94.6,89.6,92.1,85.0,False,False,,MgAlPO5(0.59) + Sr2P2O7(0.41)
enamel,6,Ca6Mg2Si6P6O35,4,1,0.0,0.0,0.0,0.0,109.1,107.7,108.4,120.3,120.0,120.2,85.0,False,False,,Ca19Mg2(PO4)14(0.35) + SiO2(0.33) + Ca2P2O7(0.20) + Mg3(PO4)2(0.12)
enamel,7,Ca2MgSi2(PO6)2,3,1,0.0,0.0,0.0,0.0,112.8,111.3,112.1,121.6,121.5,121.5,85.0,False,False,,Ca19Mg2(PO4)14(0.50) + SiO2(0.32) + Mg3(PO4)2(0.18)
enamel,8,Ca6Mg2Si4P6O31,4,1,0.0,0.0,0.0,0.0,111.0,109.8,110.4,120.6,120.3,120.4,85.0,False,False,,Ca19Mg2(PO4)14(0.39) + SiO2(0.24) + Ca2P2O7(0.22) + Mg3(PO4)2(0.14)
enamel,9,SrMg2Si(PO5)2,3,1,0.0,0.0,0.0,0.0,117.2,115.8,116.5,121.4,120.8,121.1,85.0,False,False,,Mg3(PO4)2(0.54) + Sr3(PO4)2(0.27) + SiO2(0.19)
enamel,10,Sr2Ca2Al2P4O17,4,2,0.0,0.0,0.0,0.0,103.2,90.4,96.8,97.9,89.6,93.8,85.0,False,False,,Sr2P2O7(0.41) + Ca3(PO4)2(0.32) + AlPO4(0.15) + Al2O3(0.12)
enamel,11,Ca4Mg2Si4P6O29,3,2,0.0,0.0,0.0,0.0,112.7,108.8,110.7,117.3,113.1,115.2,85.0,False,False,,Ca2P2O7(0.49) + SiO2(0.27) + Mg2P2O7(0.24)
enamel,12,SrMgSiP2O9,2,1,0.0,0.0,0.0,0.0,94.9,94.9,94.9,94.9,94.9,94.9,85.0,False,False,,SrMgP2O7(0.79) + SiO2(0.21)
enamel,13,SrCa2Si2(PO6)2,3,1,0.0,0.0,0.0,0.0,111.4,110.0,110.7,116.5,115.6,116.0,85.0,False,False,,Ca3(PO4)2(0.46) + SiO2(0.32) + Sr3(PO4)2(0.23)
enamel,14,SrCa2AlPO7,4,1,0.0,0.0,0.0,0.0,109.6,107.6,108.6,102.8,101.6,102.2,85.0,False,False,,Sr3(PO4)2(0.36) + Ca11Al14O32(0.34) + Ca4P2O9(0.21) + CaO(0.09)
enamel,15,Sr2Mg2Si4P2O17,4,2,0.0,0.0,0.0,0.0,128.7,117.6,123.2,134.5,126.5,130.5,85.0,False,False,,SiO2(0.39) + Sr3(PO4)2(0.32) + Mg3(PO4)2(0.16) + Mg2SiO4(0.13)
implant,1,SrCaLaPO6,4,2,0.0,0.0,0.0,0.0,115.1,113.8,114.5,119.2,118.3,118.8,110.0,False,False,,Sr3(PO4)2(0.43) + La2O3(0.25) + Ca4P2O9(0.25) + CaO(0.07)
implant,2,Sr2La4Al2P4O21,4,2,0.0,0.0,0.0,0.0,134.3,130.5,132.4,131.6,129.2,130.4,110.0,False,False,,LaPO4(0.55) + Sr3(PO4)2(0.20) + SrLaAl3O7(0.18) + LaAlO3(0.08)
implant,3,Sr4Ce2Mg2P2O15,4,2,0.0,0.0,0.0,0.0,110.4,108.5,109.5,99.5,99.1,99.3,110.0,True,False,,Sr10P6O25(0.55) + CeO2(0.20) + MgO(0.16) + Sr2CeO4(0.09)
implant,4,Sr2LaSiPO8,3,0,0.0,0.0,0.0,0.0,122.0,121.5,121.8,120.2,119.7,119.9,110.0,False,False,,Sr3(PO4)2(0.50) + SrLa4Si3O13(0.40) + SrSiO3(0.10)
implant,5,Sr2CaLa2P2O11,3,1,0.0,0.0,0.0,0.0,117.8,116.9,117.4,120.9,120.2,120.6,110.0,False,False,,Sr3(PO4)2(0.48) + La2O3(0.28) + Ca3(PO4)2(0.24)
implant,6,Sr2CeMg(PO5)2,3,1,0.0,0.0,0.0,0.0,126.4,126.3,126.4,126.4,126.2,126.3,110.0,False,False,,Sr3(PO4)2(0.54) + Mg3(PO4)2(0.27) + CeO2(0.19)
implant,7,Sr2Ce2Ti4P2O19,3,2,0.0,0.0,0.0,0.0,132.1,108.9,120.5,101.7,87.4,94.5,110.0,True,False,,TiO2(0.41) + Sr2P2O7(0.38) + CeO2(0.21)
implant,8,Ce2Mg2Ti2P2O15,4,2,0.0,0.0,0.0,0.0,147.9,142.2,145.0,149.8,144.6,147.2,110.0,False,False,,MgTi2(PO5)2(0.33) + Mg3(PO4)2(0.28) + CeO2(0.26) + TiO2(0.13)
implant,9,LaMgTiPO7,2,2,0.0,0.0,0.0,0.0,149.0,143.1,146.1,146.4,140.9,143.6,110.0,False,False,,LaPO4(0.55) + MgTiO3(0.45)
implant,10,SrLaSiPO7,2,1,0.0,0.0,0.0,0.0,124.6,124.5,124.6,124.8,124.7,124.7,110.0,False,False,,LaPO4(0.55) + SrSiO3(0.45)
implant,11,Sr4Ce2Si2P2O17,4,2,0.0,0.0,0.0,0.0,123.8,122.8,123.3,126.9,126.5,126.7,110.0,False,False,,Sr3(PO4)2(0.48) + CeO2(0.22) + SrSiO3(0.19) + SiO2(0.11)
implant,12,Sr4Ce4Mg2P2O19,4,2,0.0,0.0,0.0,0.0,114.0,112.1,113.0,100.5,99.8,100.2,110.0,False,False,,Sr10P6O25(0.44) + CeO2(0.35) + MgO(0.13) + Sr2CeO4(0.08)
implant,13,Sr2Ca2Ce2P2O13,4,2,0.0,0.0,0.0,0.0,121.8,120.6,121.2,122.2,121.4,121.8,110.0,False,False,,Sr3(PO4)2(0.41) + CeO2(0.29) + Ca4P2O9(0.24) + CaO(0.06)
implant,14,Sr2Ce2Y2P4O19,3,2,0.0,0.0,0.0,0.0,119.6,107.0,113.3,107.2,94.8,101.0,110.0,True,False,,YPO4(0.41) + Sr2P2O7(0.38) + CeO2(0.21)
implant,15,SrCaCeP2O9,3,1,0.0,0.0,0.0,0.0,97.3,92.7,95.0,90.9,87.6,89.2,110.0,False,False,,Sr2P2O7(0.39) + Ca2P2O7(0.39) + CeO2(0.21)
