pool,composition,pred_modulus_GPa,pred_density_gcc,fitness,E_lo_GPa,E_hi_GPa,interval_contains_20
dentin,K12Ca2P10O33,39.57,2.473,0.6487,19.3,81.11,True
dentin,K10Ca2P4O17,42.37,2.625,0.7607,20.67,86.85,False
dentin,K6NaCaP5O17,43.28,2.508,0.7644,21.11,88.71,False
dentin,K12Ca2P6O23,43.35,2.602,0.7849,21.15,88.86,False
dentin,K10Na8Ca2P4O21,43.72,2.421,0.7603,21.33,89.61,False
dentin,K5Na2Ca(PO4)3,44.1,2.546,0.7962,21.51,90.39,False
dentin,K8Na2Ca2P4O17,44.29,2.579,0.8081,21.61,90.78,False
dentin,K5CaP3O11,44.6,2.587,0.8186,21.76,91.42,False
dentin,K12Ca2P2O13,44.86,2.575,0.8242,21.89,91.95,False
dentin,K6Na4Ca2P4O17,44.95,2.597,0.8309,21.93,92.14,False
dentin,K12Ca2Al2P8O31,45.01,2.534,0.8205,21.96,92.26,False
dentin,K4Na2CaP2O9,45.15,2.521,0.8221,22.03,92.55,False
dentin,K6NaCa(PO4)3,45.36,2.581,0.8398,22.13,92.98,False
dentin,K6Na3CaPO8,45.48,2.442,0.8161,22.19,93.22,False
dentin,K12Na6Ca2P8O31,45.53,2.559,0.8407,22.21,93.32,False
dentin,K6CaMgP4O15,45.54,2.564,0.8419,22.22,93.35,False
dentin,K4Ca(PO4)2,45.57,2.611,0.852,22.23,93.41,False
dentin,K10Ca2P8O27,45.6,2.499,0.8311,22.25,93.47,False
dentin,K4NaCaP3O11,45.93,2.553,0.8512,22.41,94.14,False
dentin,K5Na5Ca2P4O17,46.03,2.584,0.8602,22.46,94.35,False
dentin,K12Na2Ca2P8O29,46.26,2.566,0.8635,22.57,94.82,False
dentin,K6Na3CaP3O13,46.3,2.52,0.8554,22.59,94.9,False
dentin,K8Ca2(P2O7)3,46.44,2.567,0.8689,22.66,95.19,False
dentin,K6Ca(P2O7)2,46.44,2.589,0.8731,22.66,95.19,False
dentin,K6NaCaPO7,46.47,2.532,0.8629,22.67,95.25,False
dentin,K4Na3Ca(PO4)3,46.49,2.555,0.8682,22.68,95.29,False
dentin,K12Na4Ca2P6O25,46.65,2.543,0.8703,22.76,95.62,False
dentin,K12Na4Ca2P2O15,46.72,2.484,0.8611,22.79,95.76,False
dentin,K10Na2Ca2P6O23,46.74,2.572,0.8788,22.8,95.81,False
dentin,K6CaAlP3O13,46.9,2.551,0.8792,22.88,96.13,False
dentin,K3NaCa(PO4)2,46.94,2.551,0.8804,22.9,96.22,False
dentin,K2Na6Ca2P10O31,46.95,2.703,0.9106,22.91,96.24,False
dentin,K10Ca2Mg2P8O29,47.31,2.556,0.8924,23.08,96.97,False
dentin,K6Na6CaSiO9,47.37,2.305,0.845,23.11,97.1,False
dentin,K5Na5Ca(PO4)4,47.42,2.522,0.889,23.13,97.2,False
dentin,K6Na4Ca(PO4)4,47.55,2.583,0.9048,23.2,97.47,False
dentin,K5NaCa(P2O7)2,47.56,2.524,0.8936,23.2,97.49,False
dentin,Na8Ca2P10O31,47.69,2.674,0.9266,23.27,97.75,False
dentin,K4Na5CaP3O13,47.69,2.49,0.8907,23.27,97.75,False
dentin,K10Ca2Al2P6O25,47.84,2.544,0.9055,23.34,98.06,False
dentin,K10Na8Ca2P8O31,47.95,2.56,0.9121,23.39,98.29,False
dentin,K10Ca4P8O29,48.11,2.559,0.9164,23.47,98.61,False
dentin,K6Na12Ca2P4O21,48.3,2.418,0.8944,23.56,99.0,False
dentin,K5CaMg(PO4)3,48.38,2.582,0.9289,23.6,99.17,False
dentin,K6Ca2P4O15,48.4,2.612,0.9355,23.61,99.21,False
dentin,K6Sr2Ca(P2O7)3,48.48,2.787,0.9723,23.65,99.37,False
dentin,K6Na2CaP4O15,48.56,2.544,0.9268,23.69,99.54,False
dentin,K6SrCaP4O15,48.62,2.778,0.9746,23.72,99.66,False
dentin,K6Sr3Ca(P3O11)2,48.75,2.867,0.9957,23.78,99.93,False
dentin,K8Na8Ca2P6O25,48.79,2.534,0.9315,23.8,100.01,False
dentin,K12Na10Ca2Si2O17,48.81,2.331,0.8925,23.81,100.05,False
dentin,K6Na4CaSiO8,48.81,2.363,0.8988,23.81,100.05,False
dentin,K3Na3CaP2O9,48.84,2.53,0.9321,23.83,100.11,False
dentin,K5Na4CaP3O13,48.86,2.551,0.9369,23.84,100.15,False
dentin,K5Sr2CaP5O18,48.91,2.811,0.9896,23.86,100.25,False
dentin,K12Ca2Mg2P6O25,48.96,2.585,0.9466,23.89,100.36,False
dentin,K10Na6Ca2P6O25,48.97,2.546,0.9392,23.89,100.38,False
dentin,K6NaCa2P5O18,48.99,2.605,0.9514,23.9,100.42,False
dentin,K6Na6Ca2SiO10,49.15,2.328,0.9017,23.98,100.75,False
dentin,K5NaCaP2O9,49.36,2.569,0.9551,24.08,101.18,False
dentin,K10Na4Ca2P8O29,49.39,2.582,0.9587,24.1,101.24,False
dentin,K6Na5CaP5O19,49.43,2.593,0.9619,24.12,101.32,False
dentin,K6Na3CaP5O18,49.56,2.573,0.9618,24.18,101.59,False
dentin,K12Na6Ca2P4O21,49.59,2.478,0.9441,24.19,101.65,False
dentin,K12Ca4Al2P8O33,49.65,2.554,0.9609,24.22,101.77,False
dentin,K12Na2Ca4P8O31,49.65,2.581,0.9661,24.22,101.77,False
dentin,K6Ca2SiP4O17,49.68,2.546,0.9601,24.24,101.83,False
dentin,K6Na2Ca(PO5)2,49.84,2.548,0.9651,24.32,102.16,False
dentin,K12Na2Ca2P4O19,49.84,2.58,0.9713,24.32,102.16,False
dentin,K8Ca2P10O31,49.94,3.076,1.0717,24.36,102.36,False
dentin,K6CaAl2P4O17,49.96,2.513,0.9618,24.37,102.41,False
dentin,K10Na12Ca2P4O23,49.96,2.4,0.9398,24.37,102.41,False
dentin,K6CaP2O9,49.97,2.625,0.984,24.38,102.43,False
dentin,K6Ca3(PO4)4,49.99,2.624,0.9846,24.39,102.47,False
dentin,K6CaSi(PO4)4,49.99,2.485,0.9571,24.39,102.47,False
dentin,K5Na3Ca2(PO4)4,50.0,2.566,0.9733,24.39,102.49,False
dentin,KNa5CaP6O19,50.08,2.707,1.0035,24.43,102.65,False
dentin,K4Na12Ca2P2O15,50.08,2.302,0.9241,24.43,102.65,False
dentin,K5Na3Ca(PO5)2,50.08,2.489,0.9607,24.43,102.65,False
dentin,K5Ca2(PO4)3,50.22,2.627,0.9918,24.5,102.94,False
dentin,K10Na4Ca2P4O19,50.26,2.548,0.9775,24.52,103.02,False
dentin,K6CaSi2P2O13,50.26,2.549,0.9779,24.52,103.02,False
dentin,K6Na6CaP4O17,50.3,2.53,0.9753,24.54,103.1,False
dentin,K8Ca4P6O23,50.47,2.609,0.9957,24.62,103.45,False
dentin,K12Ca4Si2P6O29,50.52,2.588,0.9932,24.65,103.55,False
dentin,K8Na4Ca2P6O23,50.54,2.576,0.9912,24.66,103.59,False
dentin,K12Na8Ca2(P2O9)3,50.55,2.495,0.9757,24.66,103.61,False
dentin,K8Na6Ca2P4O19,50.56,2.523,0.9813,24.67,103.64,False
dentin,K6Ca2Mg(PO4)4,50.56,2.589,0.9945,24.67,103.64,False
dentin,K10Sr2Ca2P8O29,50.56,2.766,1.0291,24.67,103.64,False
dentin,K6Na5Ca2(PO4)5,50.57,2.584,0.9936,24.67,103.66,False
dentin,K6Na5CaP3O14,50.58,2.524,0.9823,24.68,103.68,False
dentin,K10Ca2Si4P4O25,50.59,2.543,0.9863,24.68,103.7,False
dentin,K6Na3Ca2P5O19,50.64,2.576,0.9942,24.71,103.8,False
dentin,K5Ca2SiP3O14,50.66,2.583,0.9962,24.72,103.84,False
dentin,K10Ca2Si2P4O21,50.88,2.583,1.0027,24.82,104.29,False
dentin,K6CaMg2(PO4)4,50.97,2.526,0.9941,24.87,104.48,False
dentin,K12Ca2Si2(P2O9)3,51.0,2.59,1.0075,24.88,104.54,False
dentin,K8Ca2Al2P4O19,51.06,2.57,1.0055,24.91,104.66,False
dentin,K4CaSi(PO5)2,51.16,2.575,1.0093,24.96,104.86,False
dentin,K6Ca3Si(P2O9)2,51.2,2.58,1.0116,24.98,104.95,False
dentin,K10Ca6P8O31,51.21,2.633,1.0222,24.98,104.97,False
dentin,K8Sr2Ca2P6O23,51.25,2.844,1.0648,25.0,105.05,False
dentin,K5CaSiP3O13,51.31,2.544,1.0077,25.03,105.17,False
dentin,K6SrCa2(PO4)4,51.39,2.794,1.059,25.07,105.34,False
dentin,K12Ca4Si4(P2O11)3,51.4,2.546,1.0106,25.08,105.36,False
dentin,K5SrCa(PO4)3,51.43,2.845,1.0701,25.09,105.42,False
dentin,K4Na6CaP2O11,51.45,2.368,0.9773,25.1,105.46,False
dentin,K8Ca2Mg2P6O23,51.46,2.573,1.0176,25.11,105.48,False
dentin,K6Na4Ca2SiO9,51.47,2.396,0.9833,25.11,105.5,False
dentin,K12Na6Ca2Si2O15,51.47,2.355,0.9752,25.11,105.5,False
dentin,K12Na10Ca4Si2O19,51.47,2.362,0.9766,25.11,105.5,False
dentin,K10Na10Ca2(P2O9)3,51.52,2.522,1.0095,25.13,105.6,False
dentin,Na6CaP6O19,51.54,2.678,1.0406,25.14,105.64,False
dentin,K12Na8Ca2P2O17,51.6,2.411,0.99,25.17,105.77,False
dentin,K8Na4Ca2P2O13,51.73,2.522,1.0157,25.24,106.03,False
dentin,K12Sr2Ca2P6O25,51.73,2.808,1.0718,25.24,106.03,False
dentin,K4SrCa(P2O7)2,51.74,2.8,1.0703,25.24,106.05,False
dentin,K4Na8Ca2P2O13,51.76,2.368,0.9862,25.25,106.09,False
dentin,K10Sr2Ca4P8O31,51.79,2.781,1.0683,25.27,106.16,False
dentin,K12Na10Ca4P4O25,51.84,2.465,1.0076,25.29,106.26,False
dentin,KNa2Ca(PO3)5,51.91,2.661,1.0483,25.33,106.4,False
dentin,K6Na5CaPO9,52.01,2.379,0.9961,25.37,106.61,False
dentin,K12Ca2Si4P6O31,52.04,2.532,1.0269,25.39,106.67,False
dentin,K10Na2Ca4P6O25,52.06,2.605,1.0417,25.4,106.71,False
dentin,K12Na10Ca2P4O23,52.08,2.432,1.0083,25.41,106.75,False
dentin,K5Na6CaP3O14,52.1,2.49,1.0202,25.42,106.79,False
dentin,K5Na3CaP4O15,52.11,2.565,1.0354,25.42,106.81,False
dentin,K5Na5CaP2O11,52.11,2.417,1.0061,25.42,106.81,False
dentin,K5NaCa2P4O15,52.16,2.62,1.0476,25.45,106.91,False
dentin,K12Ca4P6O25,52.25,2.629,1.0519,25.49,107.1,False
dentin,K12Na4Ca4(P2O9)3,52.26,2.563,1.0393,25.5,107.12,False
dentin,K10Sr4Ca2P8O31,52.27,2.961,1.1176,25.5,107.14,False
dentin,K6Na4CaP2O11,52.33,2.447,1.0186,25.53,107.26,False
dentin,K6Na6Ca2P2O13,52.4,2.456,1.0225,25.56,107.41,False
dentin,K10Na4Ca4P8O31,52.43,2.6,1.0517,25.58,107.47,False
dentin,K8Na12Ca2P2O17,52.49,2.408,1.0158,25.61,107.59,False
dentin,K6Na10Ca2P2O15,52.49,2.385,1.0111,25.61,107.59,False
dentin,K8Na10Ca2P4O21,52.58,2.484,1.0331,25.65,107.78,False
dentin,K5Sr3CaP5O19,52.63,2.969,1.1299,25.68,107.88,False
dentin,K6Na6Ca(PO6)2,52.65,2.427,1.0241,25.69,107.92,False
dentin,K6CaAl2(PO6)2,52.69,2.566,1.0526,25.71,108.0,False
dentin,K2Na5CaPO7,52.77,2.33,1.0087,25.74,108.17,False
dentin,K4Sr2CaP4O15,52.82,2.911,1.1239,25.77,108.27,False
dentin,K12Na6Ca4Si2O17,52.86,2.43,1.0308,25.79,108.35,False
dentin,K12Na2Ca2Si2O13,52.88,2.393,1.024,25.8,108.39,False
dentin,K6Na2CaSiO7,52.88,2.38,1.0215,25.8,108.39,False
dentin,K3Na4CaPO7,52.93,2.42,1.0309,25.82,108.49,False
dentin,K6Ca2Mg2P4O17,53.09,2.57,1.0651,25.9,108.82,False
dentin,K6Sr2Ca(PO4)4,53.12,2.951,1.1406,25.92,108.88,False
dentin,K6Na5Ca2(PO5)3,53.13,2.543,1.0608,25.92,108.9,False
dentin,K12Na8Ca4P6O29,53.13,2.527,1.0576,25.92,108.9,False
dentin,K5CaAl(PO5)2,53.14,2.583,1.0691,25.93,108.92,False
dentin,KNa3Ca(PO3)6,53.26,2.665,1.0887,25.98,109.17,False
dentin,K6CaSiP2O11,53.3,2.58,1.0731,26.0,109.25,False
dentin,K4Na5CaPO8,53.33,2.424,1.0436,26.02,109.31,False
dentin,K12Ca2Al2P4O21,53.37,2.566,1.0726,26.04,109.39,False
dentin,K6CaSi3P2O15,53.38,2.524,1.0646,26.04,109.42,False
dentin,K2Na4Ca2P8O25,53.39,2.761,1.1114,26.05,109.44,False
dentin,Na5CaP5O16,53.41,2.697,1.0995,26.06,109.48,False
dentin,K5Na2Ca2P3O13,53.44,2.565,1.0743,26.07,109.54,False
dentin,K3SrCaP3O11,53.49,2.863,1.1343,26.1,109.64,False
dentin,K4Na4Ca(PO5)2,53.51,2.525,1.0686,26.11,109.68,False
dentin,K4CaP4O13,53.51,3.129,1.1871,26.11,109.68,False
dentin,K8Ca6P6O25,53.53,2.601,1.0841,26.12,109.72,False
dentin,K6Ca2Si3(PO8)2,53.56,2.554,1.0759,26.13,109.78,False
dentin,K5NaCa3(PO4)4,53.56,2.647,1.094,26.13,109.78,False
dentin,KNaCa(PO3)4,53.62,2.695,1.1051,26.16,109.91,False
dentin,K6CaP6O19,53.68,3.134,1.1932,26.19,110.03,False
dentin,K4Na3CaPO7,53.77,2.484,1.0684,26.23,110.21,False
dentin,KNa4CaP5O16,53.79,2.752,1.1212,26.24,110.26,False
dentin,K6NaCa2P3O13,53.79,2.59,1.0897,26.24,110.26,False
dentin,K5CaSi3PO12,53.9,2.553,1.0856,26.3,110.48,False
dentin,K10Na2Ca2P2O13,53.91,2.617,1.0982,26.3,110.5,False
dentin,K12Ca2Si6P2O25,53.92,2.562,1.0879,26.31,110.52,False
dentin,K6Ca2P12O35,54.01,2.949,1.1665,26.35,110.71,False
dentin,K8Na8Ca2P2O15,54.07,2.433,1.0669,26.38,110.83,False
dentin,K10Na10Ca4P6O29,54.11,2.535,1.0882,26.4,110.91,False
dentin,K8Na2Ca4P4O19,54.12,2.589,1.0992,26.4,110.93,False
dentin,K4Na2Ca2P12O35,54.18,2.846,1.1514,26.43,111.06,False
dentin,K10Na12Ca4P4O25,54.26,2.429,1.0719,26.47,111.22,False
dentin,K6CaSiO6,54.3,2.453,1.0777,26.49,111.3,False
dentin,K6Na3Ca2P3O14,54.33,2.529,1.0933,26.51,111.36,False
dentin,K5Na4CaPO8,54.35,2.474,1.0831,26.52,111.4,False
dentin,K10Na6Ca2P2O15,54.35,2.506,1.0894,26.52,111.4,False
dentin,K12Sr2Ca2P2O15,54.37,2.874,1.1623,26.53,111.44,False
dentin,K5CaP5O16,54.37,3.132,1.2128,26.53,111.44,False
dentin,K5Na6Ca2(PO5)3,54.39,2.508,1.0911,26.53,111.49,False
dentin,K5SrCaP5O17,54.39,2.97,1.1819,26.53,111.49,False
dentin,K10Ca4Al2(P2O9)3,54.48,2.573,1.1065,26.58,111.67,False
dentin,K5Na6CaPO9,54.5,2.417,1.0766,26.59,111.71,False
dentin,K6Na6Ca3P4O19,54.54,2.523,1.0986,26.61,111.79,False
dentin,K5Na4Ca2P3O14,54.54,2.564,1.1065,26.61,111.79,False
dentin,K8Ca2Si4P2O19,54.56,2.573,1.1089,26.62,111.83,False
dentin,K3Na6CaPO8,54.59,2.374,1.0706,26.63,111.9,False
dentin,K4Na4Ca2P10O31,54.62,2.943,1.1832,26.65,111.96,False
dentin,K5CaAl2P3O14,54.63,2.508,1.098,26.65,111.98,False
dentin,K4NaCa2(PO4)3,54.66,2.637,1.1243,26.67,112.04,False
dentin,K10Na10Ca2P2O17,54.72,2.437,1.0869,26.7,112.16,False
dentin,K5NaCaP6O19,54.8,3.091,1.2176,26.74,112.33,False
dentin,K12Ca2Al4P6O29,54.81,2.548,1.1113,26.74,112.35,False
dentin,K5Na2CaPO7,54.83,2.56,1.1142,26.75,112.39,False
dentin,KCaP5O14,54.85,2.662,1.1348,26.76,112.43,False
dentin,K2Ca2Mg2P12O35,54.85,2.653,1.1331,26.76,112.43,False
dentin,K8Na8Ca4(P2O9)3,54.88,2.552,1.1143,26.77,112.49,False
dentin,K2Ca(PO3)4,54.88,2.961,1.1945,26.77,112.49,False
dentin,K10Na4Ca2Si2O13,54.88,2.449,1.094,26.77,112.49,False
dentin,K2Na2Ca(PO3)6,54.91,2.845,1.1725,26.79,112.55,False
dentin,K5CaMg2P3O13,55.0,2.542,1.1158,26.83,112.74,False
dentin,K4Na3Ca2P3O13,55.0,2.568,1.121,26.83,112.74,False
dentin,K6Ca3MgP4O17,55.01,2.596,1.1266,26.84,112.76,False
dentin,K4Na12Ca4P2O17,55.1,2.348,1.0807,26.88,112.94,False
dentin,K6Ca4P4O17,55.11,2.63,1.1364,26.89,112.96,False
dentin,K8Na12Ca2(P2O9)3,55.12,2.517,1.1143,26.89,112.98,False
dentin,K10Ca4Mg2P8O31,55.16,2.637,1.1392,26.91,113.06,False
dentin,K12Na4Ca6P6O29,55.22,2.581,1.1299,26.94,113.19,False
dentin,K12Ca4Al4P6O31,55.23,2.571,1.128,26.94,113.21,False
dentin,K3Ca(PO3)5,55.23,2.986,1.2096,26.94,113.21,False
dentin,K8Na4Ca4P6O25,55.28,2.595,1.1344,26.97,113.31,False
dentin,K5Ca3P3O13,55.32,2.649,1.1461,26.99,113.39,False
dentin,K6Na2Ca2P10O31,55.32,3.028,1.2205,26.99,113.39,False
dentin,K6Ca(SiO3)4,55.35,2.536,1.1249,27.0,113.45,False
dentin,K6Na8Ca2P4O19,55.38,2.465,1.1118,27.02,113.51,False
dentin,K2NaCa(PO3)5,55.39,2.903,1.1981,27.02,113.54,False
dentin,K10Sr2Ca6P8O33,55.43,2.771,1.1732,27.04,113.62,False
dentin,K5Ca2MgP3O13,55.44,2.58,1.1361,27.05,113.64,False
dentin,K12Ca6Si2P6O31,55.47,2.614,1.1438,27.06,113.7,False
dentin,K10Na6Ca4(P2O9)3,55.53,2.607,1.1441,27.09,113.82,False
dentin,K2Na4Ca2P12O35,55.55,2.661,1.1553,27.1,113.86,False
dentin,K5Ca3Si(PO5)3,55.64,2.579,1.1419,27.14,114.05,False
dentin,K6Ca2P8O25,55.66,3.064,1.2374,27.15,114.09,False
dentin,K6CaMg3P4O17,55.67,2.552,1.1374,27.16,114.11,False
dentin,K6NaCa3P5O19,55.68,2.633,1.1536,27.16,114.13,False
dentin,K6Ca4SiP4O19,55.7,2.62,1.1515,27.17,114.17,False
dentin,K4Ca2P10O29,55.73,2.913,1.21,27.19,114.23,False
dentin,K10Sr2Ca2P4O19,55.74,2.902,1.2081,27.19,114.25,False
dentin,Na2CaMg(PO3)6,55.89,2.638,1.1607,27.27,114.56,False
dentin,K8Ca4Mg2P6O25,55.93,2.61,1.1564,27.29,114.64,False
dentin,K6Ca2AlP3O14,55.94,2.609,1.1564,27.29,114.66,False
dentin,K6SrCa3P4O17,55.96,2.783,1.1913,27.3,114.7,False
dentin,K4Ca(PO3)6,55.99,3.006,1.2359,27.32,114.77,False
dentin,K6NaCa3P3O14,56.01,2.612,1.1592,27.33,114.81,False
dentin,K8Sr2Ca4P6O25,56.1,2.812,1.2009,27.37,114.99,False
dentin,K3NaCa(PO3)6,56.14,2.945,1.2285,27.39,115.07,False
dentin,K10Ca4P4O19,56.15,2.64,1.1686,27.39,115.09,False
dentin,K12Sr2Ca6P6O29,56.2,2.818,1.2052,27.42,115.2,False
dentin,K10Ca2Mg2P4O19,56.21,2.578,1.1585,27.42,115.22,False
dentin,K12Ca2Mg4(P2O9)3,56.27,2.556,1.1557,27.45,115.34,False
dentin,K3Na5Ca(PO5)2,56.27,2.444,1.1339,27.45,115.34,False
dentin,K10Ca4Si2P4O23,56.28,2.618,1.1684,27.46,115.36,False
dentin,K12Sr2Ca4(P2O9)3,56.3,2.811,1.2066,27.47,115.4,False
dentin,K4Na5Ca2P3O14,56.31,2.538,1.1534,27.47,115.42,False
dentin,K12Na12Ca2P2O19,56.31,2.352,1.1169,27.47,115.42,False
dentin,Na4Ca(PO3)6,56.32,2.629,1.1717,27.48,115.44,False
dentin,K4Na6Ca2P4O17,56.36,2.954,1.2364,27.5,115.52,False
dentin,K4Ca2SiP2O11,56.41,2.598,1.1681,27.52,115.63,False
dentin,Na6Ca2P12O35,56.42,2.645,1.1775,27.53,115.65,False
dentin,K5SrCa2P3O13,56.45,2.838,1.2163,27.54,115.71,False
dentin,K4CaMgP2O9,56.6,2.583,1.1708,27.61,116.02,False
dentin,K2CaMg(PO3)6,56.68,2.682,1.1924,27.65,116.18,False
dentin,K12Ca4Mg2(P2O9)3,56.76,2.603,1.1793,27.69,116.34,False
dentin,K5CaPO6,56.83,2.655,1.1915,27.73,116.49,False
dentin,K8Na8Ca4P2O17,56.85,2.495,1.161,27.74,116.53,False
dentin,K5Sr2Ca2P5O19,56.96,2.931,1.2497,27.79,116.75,False
dentin,K6Sr2Ca2P4O17,57.07,2.948,1.2562,27.84,116.98,False
dentin,K5CaSi2PO10,57.08,2.58,1.1842,27.85,117.0,False
dentin,Na3Ca(PO3)5,57.11,2.649,1.1986,27.86,117.06,False
dentin,K6Na3Ca3(PO4)5,57.21,2.635,1.1988,27.91,117.27,False
dentin,K6CaSi4P2O17,57.25,2.498,1.1731,27.93,117.35,False
dentin,K4Na3Ca3P3O14,57.29,2.596,1.1937,27.95,117.43,False
dentin,K6Ca2Mg2P12O37,57.3,2.935,1.2604,27.95,117.45,False
dentin,K10Na6Ca4P2O17,57.32,2.549,1.1854,27.96,117.49,False
dentin,K8Ca2Si2P2O15,57.38,2.574,1.1919,27.99,117.61,False
dentin,K4SrCaP2O9,57.41,2.905,1.2579,28.01,117.68,False
dentin,K8Na8Ca6P6O29,57.51,2.553,1.1916,28.06,117.88,False
dentin,K10Ca2Si2O11,57.54,2.53,1.188,28.07,117.94,False
dentin,K3Na4Ca(PO4)3,57.58,2.947,1.271,28.09,118.02,False
dentin,K2Na5Ca2PO8,57.68,2.373,1.1613,28.14,118.23,False
dentin,K5NaCa4P4O17,57.71,2.644,1.2154,28.15,118.29,False
dentin,K2Sr2Ca2P12O35,57.74,2.871,1.2609,28.17,118.35,False
dentin,K5NaCaSiO6,57.74,2.489,1.1859,28.17,118.35,False
dentin,K10Ca4Si4P4O27,57.74,2.57,1.2019,28.17,118.35,False
dentin,K4Na6Ca(PO4)4,57.79,2.919,1.2716,28.19,118.45,False
dentin,K6Ca2Si(PO6)2,57.82,2.611,1.212,28.21,118.52,False
dentin,K2Na5Ca(PO4)3,57.83,2.889,1.2671,28.21,118.54,False
dentin,Na2Ca2P8O23,57.84,2.654,1.2212,28.22,118.56,False
dentin,K10Na2Ca6(P2O9)3,57.85,2.615,1.2139,28.22,118.58,False
dentin,K4NaCaPO6,57.92,2.573,1.2075,28.26,118.72,False
dentin,K12Na4Ca4P2O17,57.93,2.618,1.217,28.26,118.74,False
dentin,K4Na5Ca2PO9,57.93,2.464,1.1866,28.26,118.74,False
dentin,Na6CaSi(P2O7)3,57.97,2.648,1.2239,28.28,118.82,False
dentin,K3CaPO5,57.97,2.635,1.2213,28.28,118.82,False
dentin,K5Ca2Al2(PO5)3,57.97,2.62,1.2182,28.28,118.82,False
dentin,K4NaCa3P3O13,57.99,2.631,1.2212,28.29,118.86,False
dentin,K6Na3Ca2PO9,58.0,2.564,1.2083,28.3,118.89,False
dentin,K2Ca2(P4O11)3,58.02,2.66,1.2276,28.31,118.93,False
dentin,K4Ca2P2O9,58.09,2.655,1.2287,28.34,119.07,False
dentin,K5Na4Ca2PO9,58.1,2.505,1.1997,28.34,119.09,False
dentin,K3CaSiPO7,58.18,2.609,1.2223,28.38,119.25,False
dentin,K6Na5Ca2PO10,58.22,2.497,1.2016,28.4,119.34,False
dentin,K5Sr2CaP3O13,58.24,3.015,1.304,28.41,119.38,False
dentin,K3CaAlP2O9,58.28,2.717,1.2463,28.43,119.46,False
dentin,K5SrCa2P5O18,58.31,3.007,1.3043,28.45,119.52,False
dentin,K6SrCa4(P2O9)2,58.35,2.784,1.2617,28.47,119.6,False
dentin,K6Na2Ca3P4O17,58.36,2.634,1.2324,28.47,119.62,False
dentin,K6NaCa4(PO5)3,58.38,2.623,1.231,28.48,119.66,False
dentin,KNaCaP6O17,58.38,2.638,1.2338,28.48,119.66,False
dentin,K10Ca6Al8Si2O27,58.47,2.544,1.2182,28.53,119.85,False
dentin,K12Sr2Ca8P6O31,58.48,2.818,1.2723,28.53,119.87,False
dentin,K2Na3CaPO6,58.52,2.399,1.1911,28.55,119.95,False
dentin,K3CaSi2PO9,58.57,2.583,1.2288,28.57,120.05,False
dentin,K12Na12Ca4P2O21,58.62,2.461,1.2062,28.6,120.16,False
dentin,K8Sr4Ca2P6O25,58.64,3.041,1.3207,28.61,120.2,False
dentin,K10Na12Ca2Si2O17,58.68,2.318,1.18,28.63,120.28,False
dentin,K10Na12Ca2Si4O21,58.68,2.408,1.1977,28.63,120.28,False
dentin,K12Ca6Mg2P6O29,58.7,2.621,1.2399,28.64,120.32,False
dentin,K2NaCaPO5,58.71,2.551,1.2265,28.64,120.34,False
dentin,K6Ca2Al3P3O17,58.72,2.528,1.2225,28.65,120.36,False
dentin,K2Ca2P8O23,58.74,2.687,1.2539,28.66,120.4,False
dentin,K10Ca6Al2P6O29,58.76,2.571,1.232,28.67,120.44,False
dentin,K5CaSiPO8,58.78,2.619,1.2419,28.68,120.48,False
dentin,K6Na4Ca(P2O7)3,58.78,3.069,1.3304,28.68,120.48,False
dentin,K6Na2Ca2SiO8,58.84,2.467,1.2139,28.71,120.61,False
dentin,K6Ca3Al(PO5)3,58.84,2.619,1.2438,28.71,120.61,False
dentin,K6Ca3Si3P2O17,58.86,2.579,1.2365,28.72,120.65,False
dentin,K12Ca4Mg4P6O29,58.87,2.586,1.2381,28.72,120.67,False
dentin,KNa6Ca(PO4)3,58.88,2.813,1.2828,28.73,120.69,False
dentin,K6Na4Ca4P4O19,58.9,2.589,1.2395,28.74,120.73,False
dentin,K4SrCa2(PO5)2,58.9,2.907,1.302,28.74,120.73,False
dentin,K4Na2Ca2P8O25,58.9,2.984,1.317,28.74,120.73,False
dentin,K4Ca3(PO5)2,58.92,2.655,1.2532,28.75,120.77,False
dentin,Na5CaSiP5O18,58.92,2.661,1.2542,28.75,120.77,False
dentin,K10Sr4Ca2P4O21,58.95,3.097,1.3407,28.76,120.83,False
dentin,K10Ca2Al4P4O23,58.99,2.557,1.2359,28.78,120.91,False
dentin,K8Ca4Al2P4O21,58.99,2.601,1.2448,28.78,120.91,False
dentin,Na2CaP6O17,58.99,2.625,1.2493,28.78,120.91,False
dentin,K5Na2Ca3P3O14,59.02,2.647,1.2544,28.79,120.98,False
dentin,K8Na10Ca2P8O31,59.03,2.957,1.3158,28.8,121.0,False
dentin,Na4Ca2P10O29,59.03,2.656,1.2565,28.8,121.0,False
dentin,K4Sr3Ca(PO4)4,59.07,3.105,1.3459,28.82,121.08,False
dentin,K5Sr4Ca(PO4)5,59.07,3.136,1.352,28.82,121.08,False
dentin,K10Na2Ca2P10O33,59.09,3.123,1.35,28.83,121.12,False
dentin,K6Sr4CaP6O23,59.11,3.019,1.3302,28.84,121.16,False
dentin,K6CaMg3(PO6)2,59.13,2.532,1.2352,28.85,121.2,False
dentin,K12Ca2Si4P2O21,59.13,2.56,1.2406,28.85,121.2,False
dentin,K12Ca8P6O29,59.14,2.656,1.2597,28.85,121.22,False
dentin,K6Na2Ca2P2O11,59.16,2.57,1.2434,28.86,121.26,False
dentin,K3CaAlP6O19,59.16,2.926,1.3134,28.86,121.26,False
dentin,K12Ca2Si8P2O29,59.22,2.536,1.2387,28.89,121.39,False
dentin,K12Ca4Al2P4O23,59.23,2.599,1.2511,28.9,121.41,False
dentin,K8Ca8Al2P4O25,59.24,2.665,1.2646,28.9,121.43,False
dentin,K10Ca8P8O33,59.25,2.677,1.267,28.91,121.45,False
dentin,K6Na10Ca4P2O17,59.27,2.436,1.2204,28.92,121.49,False
dentin,K6CaMg(PO5)2,59.29,2.585,1.2501,28.93,121.53,False
dentin,K3Na6CaP3O13,59.34,2.896,1.3129,28.95,121.63,False
dentin,K6Sr5Ca(PO4)6,59.35,3.157,1.3643,28.95,121.65,False
dentin,K4SrCa3P2O11,59.37,2.902,1.3147,28.96,121.69,False
dentin,K6Na12Ca2P8O31,59.37,2.902,1.3147,28.96,121.69,False
dentin,K10Sr4Ca4P8O33,59.38,2.956,1.3255,28.97,121.71,False
dentin,K8Na4Ca6(P2O9)3,59.39,2.614,1.2589,28.97,121.73,False
dentin,K2CaP6O17,59.41,2.752,1.2865,28.98,121.78,False
dentin,K12Ca4Si8P2O31,59.41,2.556,1.2482,28.98,121.78,False
dentin,K6SrCa(P3O10)2,59.42,2.978,1.3312,28.99,121.8,False
dentin,K8Na2Ca6P4O21,59.5,2.614,1.2623,29.03,121.96,False
dentin,K2Na8Ca2P4O17,59.54,2.857,1.3109,29.05,122.04,False
dentin,K6Na6CaSi2O11,59.54,2.41,1.2233,29.05,122.04,False
dentin,K6Sr3CaP4O17,59.57,3.095,1.3586,29.06,122.1,False
dentin,K5Ca2Si3PO13,59.58,2.572,1.2562,29.07,122.12,False
dentin,K6Na4Ca3(P2O9)2,59.6,2.603,1.2629,29.08,122.16,False
dentin,K10Ca2Si6P4O29,59.6,2.552,1.2529,29.08,122.16,False
dentin,Na2Ca(PO3)4,59.63,2.668,1.2765,29.09,122.23,False
dentin,K6Sr5Ca2P6O25,59.65,3.152,1.3722,29.1,122.27,False
dentin,K10Na6Ca6P6O29,59.68,2.615,1.2676,29.12,122.33,False
dentin,Na2Ca2(P4O11)3,59.71,2.643,1.274,29.13,122.39,False
dentin,K10Ca6Mg2P4O23,59.72,2.63,1.2717,29.14,122.41,False
dentin,K6Ca5(P2O9)2,59.75,2.641,1.2748,29.15,122.47,False
dentin,K3Na6Ca2PO9,59.76,2.416,1.231,29.15,122.49,False
dentin,K10Sr2Ca4P4O21,59.81,2.89,1.3254,29.18,122.6,False
dentin,K4CaAl2P2O11,59.81,2.512,1.2512,29.18,122.6,False
dentin,K3Na2CaPO6,59.81,2.479,1.2447,29.18,122.6,False
dentin,K6Sr2Ca3(P2O9)2,59.82,2.949,1.3372,29.18,122.62,False
dentin,K6Ca4Mg(P2O9)2,59.82,2.591,1.2671,29.18,122.62,False
dentin,K6NaCa4(PO4)5,59.84,2.655,1.2803,29.19,122.66,False
dentin,Na2Ca2Mg2P12O35,59.85,2.66,1.2813,29.2,122.68,False
dentin,K6Ca6Al(PO6)3,59.86,2.66,1.2817,29.2,122.7,False
dentin,K6Ca3Mg2(P2O9)2,59.88,2.607,1.272,29.21,122.74,False
dentin,NaCaP5O14,59.92,2.644,1.2803,29.23,122.82,False
dentin,K4Ca4P2O11,59.98,2.675,1.2884,29.26,122.94,False
dentin,K10Sr4Ca4P4O23,59.98,3.071,1.3657,29.26,122.94,False
dentin,K12Ca4Al8P2O27,60.02,2.578,1.2704,29.28,123.03,False
dentin,K6Ca5AlP3O17,60.02,2.649,1.2842,29.28,123.03,False
dentin,K5CaAl2PO9,60.03,2.571,1.2692,29.29,123.05,False
dentin,K10Ca8Al4P4O29,60.03,2.627,1.2805,29.29,123.05,False
dentin,K10Sr6Ca2P8O33,60.05,3.121,1.3778,29.3,123.09,False
dentin,K8Ca2Al4P2O17,60.08,2.579,1.2722,29.31,123.15,False
dentin,K10Ca8Al2P6O31,60.1,2.627,1.2821,29.32,123.19,False
dentin,K3Sr2Ca(PO4)3,60.1,3.056,1.3664,29.32,123.19,False
dentin,K5Sr3Ca2(PO4)5,60.1,3.005,1.3564,29.32,123.19,False
dentin,K6Na5Ca3P5O21,60.13,2.719,1.3013,29.34,123.25,False
dentin,K6CaMg2P2O11,60.14,2.551,1.2687,29.34,123.27,False
dentin,K4Ca2Al2P12O37,60.14,2.653,1.2887,29.34,123.27,False
dentin,K2SrCa(PO3)6,60.15,2.985,1.354,29.35,123.29,False
dentin,K12Na2Ca4Si2O15,60.16,2.48,1.2552,29.35,123.31,False
dentin,K12Ca2Al8P2O25,60.17,2.57,1.2731,29.35,123.33,False
dentin,K6SrCa2SiO8,60.18,2.781,1.315,29.36,123.35,False
dentin,K12Ca10P6O31,60.19,2.659,1.2913,29.36,123.37,False
dentin,K5Ca2Al3(PO7)2,60.2,2.531,1.2666,29.37,123.39,False
dentin,K5Na3Ca3P4O17,60.25,2.592,1.28,29.39,123.5,False
dentin,K10Ca2Al6P2O21,60.25,2.564,1.2744,29.39,123.5,False
dentin,K5CaAlP4O15,60.26,2.879,1.3363,29.4,123.52,False
dentin,K12Ca2Al6P4O27,60.29,2.557,1.2742,29.41,123.58,False
dentin,K4Ca2Mg(PO5)2,60.33,2.62,1.2877,29.43,123.66,False
dentin,K12Ca2Mg6P6O29,60.33,2.544,1.2728,29.43,123.66,False
dentin,K6SrCa5P4O19,60.37,2.794,1.3231,29.45,123.74,False
dentin,K6Sr3Ca2P6O23,60.38,2.955,1.3551,29.46,123.76,False
dentin,K4Sr2Ca2P2O11,60.38,3.118,1.3869,29.46,123.76,False
dentin,K6SrCaSiO7,60.4,2.739,1.3132,29.47,123.8,False
dentin,K6Ca2Mg3P2O13,60.43,2.551,1.2772,29.48,123.87,False
dentin,K4Na6CaSiO8,60.44,2.397,1.2471,29.49,123.89,False
dentin,K4Na4Ca3(PO6)2,60.44,2.567,1.2805,29.49,123.89,False
dentin,K10Ca4Al4P4O25,60.45,2.59,1.2853,29.49,123.91,False
dentin,K12Ca6Al4P2O23,60.46,2.607,1.2889,29.5,123.93,False
dentin,K5Na5CaSiO8,60.47,2.342,1.2373,29.5,123.95,False
dentin,K12Sr4Ca4P6O29,60.47,2.982,1.3629,29.5,123.95,False
dentin,K4SrCa4(PO6)2,60.48,2.893,1.3459,29.51,123.97,False
dentin,K8Sr2Ca6(P2O9)3,60.51,2.823,1.3329,29.52,124.03,False
dentin,K3Na2CaP3O11,60.52,3.019,1.3716,29.53,124.05,False
dentin,K6CaAl4P2O15,60.56,2.518,1.2744,29.55,124.13,False
dentin,K6Ca8P4O21,60.57,2.725,1.3154,29.55,124.15,False
dentin,K12Sr4Ca2(P2O9)3,60.57,2.993,1.3681,29.55,124.15,False
dentin,K4Na4Ca2P2O11,60.58,2.541,1.2796,29.55,124.17,False
dentin,K3Na4Ca2PO8,60.61,2.458,1.2641,29.57,124.24,False
dentin,K12Sr4Ca6P6O31,60.62,2.982,1.3673,29.57,124.26,False
dentin,K4Sr3Ca2P4O17,60.62,3.082,1.3867,29.57,124.26,False
dentin,K5NaCa3P2O11,60.66,2.639,1.3014,29.59,124.34,False
dentin,K5CaAl3P2O13,60.67,2.511,1.2764,29.6,124.36,False
dentin,K2Na2Ca2P10O29,60.69,2.681,1.3104,29.61,124.4,False
dentin,K8Ca8Al2Si4O23,60.69,2.62,1.2984,29.61,124.4,False
dentin,K10Na4Ca4P4O21,60.69,2.578,1.29,29.61,124.4,False
dentin,K4Ca(SiO3)3,60.7,2.556,1.286,29.61,124.42,False
dentin,K12Na2Ca4P4O21,60.7,2.605,1.2956,29.61,124.42,False
dentin,K5Na6CaP5O19,60.72,2.955,1.3647,29.62,124.46,False
dentin,K5Ca6AlP2O15,60.75,2.672,1.3103,29.64,124.52,False
dentin,K5Sr4Ca2P5O21,60.76,3.145,1.4032,29.64,124.54,False
dentin,K6CaAl3PO11,60.78,2.557,1.2884,29.65,124.58,False
dentin,K10Ca8Mg2P4O25,60.78,2.643,1.3055,29.65,124.58,False
dentin,K8Ca8Al4P2O23,60.8,2.633,1.3042,29.66,124.62,False
dentin,K5Ca6P3O16,60.86,2.728,1.3246,29.69,124.75,False
dentin,K12Ca10Si4P2O29,60.86,2.666,1.3124,29.69,124.75,False
dentin,K12Ca2Al4P2O19,60.86,2.559,1.2913,29.69,124.75,False
dentin,K12Sr6Ca2P6O29,60.89,3.139,1.406,29.71,124.81,False
dentin,K6Ca4AlP3O16,60.89,2.635,1.3071,29.71,124.81,False
dentin,K5Ca4AlP2O13,60.9,2.656,1.3116,29.71,124.83,False
dentin,K5Ca3Al(PO6)2,60.9,2.633,1.3069,29.71,124.83,False
dentin,KCaAl(PO3)6,60.9,2.623,1.3051,29.71,124.83,False
dentin,K6CaAlP5O18,60.93,2.887,1.3577,29.73,124.89,False
dentin,K4CaAlPO7,60.95,2.584,1.2989,29.74,124.93,False
dentin,K4Ca5(PO6)2,60.97,2.686,1.3194,29.75,124.97,False
dentin,K12Na10Ca2Si4O21,60.97,2.42,1.2672,29.75,124.97,False
dentin,K6Ca5Si(PO5)4,60.98,2.651,1.313,29.75,124.99,False
dentin,K6Sr4Ca3P6O25,60.98,3.1,1.4011,29.75,124.99,False
dentin,K6Sr5Ca3(P3O13)2,60.99,3.131,1.4074,29.75,125.01,False
dentin,K10Ca6Mg2P8O33,60.99,2.679,1.3188,29.75,125.01,False
dentin,K10Ca8Mg4P4O27,61.0,2.61,1.3054,29.76,125.03,False
dentin,K10Sr2Ca6P4O23,61.01,2.9,1.3627,29.76,125.05,False
dentin,Na4Ca2Al2P12O37,61.03,2.618,1.3079,29.77,125.1,False
dentin,K5Na5Ca3(P2O9)2,61.04,2.601,1.3047,29.78,125.12,False
dentin,K8Ca10Si2P2O23,61.05,2.69,1.3227,29.78,125.14,False
dentin,K5Na2CaP5O17,61.06,3.096,1.4026,29.79,125.16,False
dentin,K10Ca2Mg6P4O23,61.07,2.551,1.2961,29.79,125.18,False
dentin,K5Na5Ca2(PO6)2,61.08,2.44,1.2746,29.8,125.2,False
dentin,K12Ca6Mg4P6O31,61.09,2.607,1.3074,29.8,125.22,False
dentin,K6CaAl3P3O16,61.1,2.493,1.2855,29.81,125.24,False
dentin,K10Na2Ca8P6O29,61.11,2.652,1.317,29.81,125.26,False
dentin,K8Ca10Al2P4O27,61.12,2.696,1.3258,29.82,125.28,False
dentin,K5Sr3Ca3P3O16,61.18,3.127,1.4121,29.85,125.4,False
dentin,K6Ca5SiP2O15,61.2,2.664,1.322,29.86,125.44,False
dentin,K4Ca3MgP2O11,61.2,2.643,1.3178,29.86,125.44,False
dentin,K6Na2Ca(P3O10)2,61.22,3.106,1.4092,29.87,125.49,False
dentin,K6Sr2Ca3P6O23,61.24,2.895,1.3683,29.88,125.53,False
dentin,K6Na2Ca3(PO6)2,61.24,2.603,1.3111,29.88,125.53,False
dentin,K6Ca3Al2(PO7)2,61.27,2.617,1.3148,29.89,125.59,False
dentin,K12Ca4Al4P2O21,61.27,2.574,1.3063,29.89,125.59,False
dentin,K6Ca4Al2P2O15,61.27,2.63,1.3172,29.89,125.59,False
dentin,K3Sr3CaP3O13,61.28,3.242,1.4376,29.9,125.61,False
dentin,K6Sr3Ca2SiO10,61.28,3.187,1.4269,29.9,125.61,False
dentin,K10Ca10Al4P4O31,61.29,2.665,1.3249,29.9,125.63,False
dentin,K10Ca6Al4P4O27,61.29,2.615,1.315,29.9,125.63,False
dentin,K6SrCa6(Si2O9)2,61.31,2.773,1.3465,29.91,125.67,False
dentin,K5CaSi4PO14,61.31,2.489,1.2908,29.91,125.67,False
dentin,K12Ca2Si10P2O33,61.31,2.467,1.2866,29.91,125.67,False
dentin,K6Ca3SiP2O13,61.32,2.633,1.3194,29.92,125.69,False
dentin,K10Ca4Mg4P4O23,61.33,2.578,1.3089,29.92,125.71,False
dentin,K4SrCa5P2O13,61.33,2.896,1.3712,29.92,125.71,False
dentin,K6Ca2Mg3(P2O9)2,61.35,2.572,1.3081,29.93,125.75,False
dentin,K8Ca2P2O11,61.36,2.684,1.3305,29.94,125.77,False
dentin,K6Ca4Si(PO7)2,61.36,2.65,1.3239,29.94,125.77,False
dentin,K12Ca4Al6P4O29,61.38,2.572,1.3092,29.95,125.81,False
dentin,K12Ca2Si2P2O17,61.39,2.609,1.3167,29.95,125.83,False
dentin,K5CaAl4PO12,61.41,2.526,1.3011,29.96,125.87,False
