case,w_modulus,published,best_composition,best_E_GPa,best_rho_gcc,best_objective
dentin,0.0,False,K4Na12Ca2P2O15,50.08,2.302,0.0962
dentin,0.05,False,K6Na6CaSiO9,47.37,2.305,0.1612
dentin,0.1,False,K6Na6CaSiO9,47.37,2.305,0.2247
dentin,0.15,False,K6Na6CaSiO9,47.37,2.305,0.2883
dentin,0.2,False,K12Ca2P10O33,39.57,2.473,0.3378
dentin,0.25,False,K12Ca2P10O33,39.57,2.473,0.3778
dentin,0.3,False,K12Ca2P10O33,39.57,2.473,0.4179
dentin,0.35,False,K12Ca2P10O33,39.57,2.473,0.4579
dentin,0.4,False,K12Ca2P10O33,39.57,2.473,0.498
dentin,0.45,False,K12Ca2P10O33,39.57,2.473,0.538
dentin,0.5,False,K12Ca2P10O33,39.57,2.473,0.5781
dentin,0.55,False,K12Ca2P10O33,39.57,2.473,0.6181
dentin,0.588,True,K12Ca2P10O33,39.57,2.473,0.6485
dentin,0.6,False,K12Ca2P10O33,39.57,2.473,0.6581
dentin,0.65,False,K12Ca2P10O33,39.57,2.473,0.6982
dentin,0.7,False,K12Ca2P10O33,39.57,2.473,0.7382
dentin,0.75,False,K12Ca2P10O33,39.57,2.473,0.7783
dentin,0.8,False,K12Ca2P10O33,39.57,2.473,0.8183
dentin,0.85,False,K12Ca2P10O33,39.57,2.473,0.8584
dentin,0.9,False,K12Ca2P10O33,39.57,2.473,0.8984
dentin,0.95,False,K12Ca2P10O33,39.57,2.473,0.9385
dentin,1.0,False,K12Ca2P10O33,39.57,2.473,0.9785
enamel,0.0,False,Ca4Si(PO4)4,102.41,3.0,0.0
enamel,0.05,False,LaSi3(PO4)5,87.55,2.988,0.0053
enamel,0.1,False,LaSi3(PO4)5,87.55,2.988,0.0066
enamel,0.15,False,LaSi3(PO4)5,87.55,2.988,0.0079
enamel,0.2,False,LaSi3(PO4)5,87.55,2.988,0.0092
enamel,0.25,False,LaSi3(PO4)5,87.55,2.988,0.0105
enamel,0.3,False,LaSi3(PO4)5,87.55,2.988,0.0118
enamel,0.35,False,LaSi3(PO4)5,87.55,2.988,0.0131
enamel,0.4,False,LaSi3(PO4)5,87.55,2.988,0.0144
enamel,0.45,False,LaSi3(PO4)5,87.55,2.988,0.0157
enamel,0.5,False,LaSi3(PO4)5,87.55,2.988,0.017
enamel,0.55,False,LaSi3(PO4)5,87.55,2.988,0.0183
enamel,0.588,True,LaSi3(PO4)5,87.55,2.988,0.0193
enamel,0.6,False,LaSi3(PO4)5,87.55,2.988,0.0196
enamel,0.65,False,Ce2P10O29,87.06,3.041,0.0205
enamel,0.7,False,Ce2P10O29,87.06,3.041,0.0211
enamel,0.75,False,Mg2Zr2Si8P10O47,85.12,2.793,0.0183
enamel,0.8,False,Mg2Zr2Si8P10O47,85.12,2.793,0.0149
enamel,0.85,False,Mg2Zr2Si8P10O47,85.12,2.793,0.0116
enamel,0.9,False,Mg2Zr2Si8P10O47,85.12,2.793,0.0082
enamel,0.95,False,LaAlSi5(P3O14)2,84.98,2.75,0.0044
enamel,1.0,False,Mg2Al4Si8P10O49,85.01,2.503,0.0001
implant,0.0,False,Y6Zr2P4O23,156.96,4.4,0.0
implant,0.05,False,Ca2La6Si2P4O25,109.19,4.4,0.0004
implant,0.1,False,Sr6La2Mg(SiO4)5,110.08,4.402,0.0005
implant,0.15,False,Sr6La2Mg(SiO4)5,110.08,4.402,0.0005
implant,0.2,False,Sr6La2Mg(SiO4)5,110.08,4.402,0.0005
implant,0.25,False,Sr6La2Mg(SiO4)5,110.08,4.402,0.0005
implant,0.3,False,Sr6La2Mg(SiO4)5,110.08,4.402,0.0005
implant,0.35,False,Sr6La2Mg(SiO4)5,110.08,4.402,0.0005
implant,0.4,False,Sr6La2Mg(SiO4)5,110.08,4.402,0.0006
implant,0.45,False,Sr6La2Mg(SiO4)5,110.08,4.402,0.0006
implant,0.5,False,SrCa4Ce3(PO8)2,110.0,4.395,0.0006
implant,0.55,False,SrCa4Ce3(PO8)2,110.0,4.395,0.0005
implant,0.588,True,SrCa4Ce3(PO8)2,110.0,4.395,0.0005
implant,0.6,False,SrCa4Ce3(PO8)2,110.0,4.395,0.0005
implant,0.65,False,SrCa4Ce3(PO8)2,110.0,4.395,0.0004
implant,0.7,False,SrCa4Ce3(PO8)2,110.0,4.395,0.0003
implant,0.75,False,SrCa4Ce3(PO8)2,110.0,4.395,0.0003
implant,0.8,False,SrCa4Ce3(PO8)2,110.0,4.395,0.0002
implant,0.85,False,SrCa4Ce3(PO8)2,110.0,4.395,0.0002
implant,0.9,False,SrCa4Ce3(PO8)2,110.0,4.395,0.0001
implant,0.95,False,SrCa4Ce3(PO8)2,110.0,4.395,0.0001
implant,1.0,False,Sr12Y4P2O23,110.0,4.42,0.0
