showcase,rank,composition,dev_if_atom_fraction,dev_if_formula_unit_fraction
dentin,1.0,K5Na2Ca(PO4)3,0.0009,0.00858
dentin,2.0,K8Na2Ca2P4O17,0.00133,0.02427
dentin,3.0,K4Na2CaP2O9,0.00139,0.04057
dentin,4.0,K6Na4Ca2P4O17,0.0,0.02387
dentin,5.0,K4Ca(PO4)2,0.00118,0.14634
dentin,6.0,K10Na2Ca2P6O23,0.00161,0.00857
dentin,7.0,K3NaCa(PO4)2,0.00125,0.01116
dentin,8.0,K10Ca2Al2P6O25,0.001,0.08931
dentin,9.0,K6Ca2P4O15,0.00106,0.08535
dentin,10.0,K5NaCaP2O9,0.00069,0.04057
dentin,11.0,K6Ca2SiP4O17,0.00137,0.04526
dentin,12.0,K5Na3Ca(PO5)2,0.00238,0.04399
dentin,13.0,K8Na4Ca2P6O23,0.00108,0.01155
dentin,14.0,K12Ca4Si2P6O29,0.00088,0.05342
dentin,15.0,K10Ca2Si2P4O21,0.00133,0.12442
enamel,1.0,Sr2Ca4Si4P6O29,0.00111,0.05835
enamel,2.0,Sr2Ca6Si6P6O35,0.00091,0.07361
enamel,3.0,SrCaSiP2O9,0.00072,0.04863
enamel,4.0,Ca2Mg2Al2P4O17,0.00112,0.1044
enamel,5.0,Sr2Mg2Al2P4O17,0.00047,0.01477
enamel,6.0,Ca6Mg2Si6P6O35,0.00098,0.10007
enamel,7.0,Ca2MgSi2(PO6)2,0.0014,0.09871
enamel,8.0,Ca6Mg2Si4P6O31,0.00082,0.0757
enamel,9.0,SrMg2Si(PO5)2,0.00083,0.04538
enamel,10.0,Sr2Ca2Al2P4O17,0.00107,0.03573
enamel,11.0,Ca4Mg2Si4P6O29,0.00111,0.05835
enamel,12.0,SrMgSiP2O9,0.00143,0.0489
enamel,13.0,SrCa2Si2(PO6)2,0.00035,0.07304
enamel,14.0,SrCa2AlPO7,0.00026,0.09045
enamel,15.0,Sr2Mg2Si4P2O17,0.00042,0.08565
implant,1.0,SrCaLaPO6,0.00167,0.0534
implant,2.0,Sr2La4Al2P4O21,0.00024,0.03159
implant,3.0,Sr4Ce2Mg2P2O15,0.00049,0.07568
implant,4.0,Sr2LaSiPO8,0.00073,0.02697
implant,5.0,Sr2CaLa2P2O11,0.00089,0.05907
implant,6.0,Sr2CeMg(PO5)2,0.00083,0.04538
implant,7.0,Sr2Ce2Ti4P2O19,0.00126,0.07005
implant,8.0,Ce2Mg2Ti2P2O15,0.00038,0.06032
implant,9.0,LaMgTiPO7,0.00091,0.00983
implant,10.0,SrLaSiPO7,0.00091,0.00983
implant,11.0,Sr4Ce2Si2P2O17,0.00074,0.05112
implant,12.0,Sr4Ce4Mg2P2O19,0.00114,0.10744
implant,13.0,Sr2Ca2Ce2P2O13,0.00143,0.066
implant,14.0,Sr2Ce2Y2P4O19,0.00103,0.04008
implant,15.0,SrCaCeP2O9,0.00072,0.04863
