showcase,rank,composition,n_models,n_valid,n_negative,median_shipped,median_valid_only,delta
dentin,1,K5Na2Ca(PO4)3,5,5,0,0.8887,0.8887,0.0
dentin,2,K8Na2Ca2P4O17,5,5,0,0.8704,0.8704,0.0
dentin,3,K4Na2CaP2O9,5,5,0,0.5657,0.5657,0.0
dentin,4,K6Na4Ca2P4O17,5,5,0,0.6438,0.6438,0.0
dentin,5,K4Ca(PO4)2,5,5,0,0.2249,0.2249,0.0
dentin,6,K10Na2Ca2P6O23,5,5,0,0.7406,0.7406,0.0
dentin,7,K3NaCa(PO4)2,5,5,0,0.5504,0.5504,0.0
dentin,8,K10Ca2Al2P6O25,5,5,0,0.4277,0.4277,0.0
dentin,9,K6Ca2P4O15,5,4,1,0.4388,0.4864,0.0476
dentin,10,K5NaCaP2O9,5,5,0,0.2136,0.2136,0.0
dentin,11,K6Ca2SiP4O17,5,5,0,0.8227,0.8227,0.0
dentin,12,K5Na3Ca(PO5)2,5,5,0,0.7353,0.7353,0.0
dentin,13,K8Na4Ca2P6O23,5,5,0,0.9606,0.9606,0.0
dentin,14,K12Ca4Si2P6O29,5,5,0,0.6505,0.6505,0.0
dentin,15,K10Ca2Si2P4O21,5,5,0,0.801,0.801,0.0
enamel,1,Sr2Ca4Si4P6O29,5,5,0,0.495,0.495,0.0
enamel,2,Sr2Ca6Si6P6O35,5,5,0,0.5212,0.5212,0.0
enamel,3,SrCaSiP2O9,5,5,0,0.4883,0.4883,0.0
enamel,4,Ca2Mg2Al2P4O17,4,4,0,0.7649,0.7649,0.0
enamel,5,Sr2Mg2Al2P4O17,5,5,0,0.5495,0.5495,0.0
enamel,6,Ca6Mg2Si6P6O35,5,5,0,0.5786,0.5786,0.0
enamel,7,Ca2MgSi2(PO6)2,5,5,0,0.1973,0.1973,0.0
enamel,8,Ca6Mg2Si4P6O31,5,5,0,0.2676,0.2676,0.0
enamel,9,SrMg2Si(PO5)2,5,5,0,0.4169,0.4169,0.0
enamel,10,Sr2Ca2Al2P4O17,5,5,0,0.5427,0.5427,0.0
enamel,11,Ca4Mg2Si4P6O29,5,5,0,0.7538,0.7538,0.0
enamel,12,SrMgSiP2O9,5,5,0,0.1591,0.1591,0.0
enamel,13,SrCa2Si2(PO6)2,5,4,1,0.1625,0.194,0.0315
enamel,14,SrCa2AlPO7,5,5,0,0.1747,0.1747,0.0
enamel,15,Sr2Mg2Si4P2O17,5,5,0,0.4902,0.4902,0.0
implant,1,SrCaLaPO6,5,5,0,0.8114,0.8114,0.0
implant,2,Sr2La4Al2P4O21,5,5,0,0.4502,0.4502,0.0
implant,3,Sr4Ce2Mg2P2O15,5,5,0,0.2496,0.2496,0.0
implant,4,Sr2LaSiPO8,5,5,0,0.5247,0.5247,0.0
implant,5,Sr2CaLa2P2O11,5,5,0,0.191,0.191,0.0
implant,6,Sr2CeMg(PO5)2,5,5,0,0.3327,0.3327,0.0
implant,7,Sr2Ce2Ti4P2O19,5,5,0,0.2833,0.2833,0.0
implant,8,Ce2Mg2Ti2P2O15,5,5,0,0.1722,0.1722,0.0
implant,9,LaMgTiPO7,5,5,0,0.1839,0.1839,0.0
implant,10,SrLaSiPO7,5,5,0,0.1564,0.1564,0.0
implant,11,Sr4Ce2Si2P2O17,5,5,0,0.5375,0.5375,0.0
implant,12,Sr4Ce4Mg2P2O19,5,5,0,0.5068,0.5068,0.0
implant,13,Sr2Ca2Ce2P2O13,5,5,0,0.3637,0.3637,0.0
implant,14,Sr2Ce2Y2P4O19,5,5,0,0.3931,0.3931,0.0
implant,15,SrCaCeP2O9,4,4,0,0.3146,0.3146,0.0
