pool,formula,in_image,in_superset
enamel,Ca6Zr5Ti2O20,False,True
enamel,K12Ca2P10O33,False,False
enamel,LaSi3(PO4)5,True,True
enamel,Al2(P4O11)3,True,True
dentin,Ca6Zr5Ti2O20,False,False
dentin,K12Ca2P10O33,True,True
dentin,LaSi3(PO4)5,False,False
dentin,Al2(P4O11)3,False,False
enamel,Sr2Ca4Si4P6O29,True,True
enamel,Sr2Ca6Si6P6O35,True,True
enamel,SrCaSiP2O9,True,True
enamel,Ca2Mg2Al2P4O17,True,True
enamel,Sr2Mg2Al2P4O17,True,True
enamel,Ca6Mg2Si6P6O35,True,True
enamel,Ca2MgSi2(PO6)2,True,True
enamel,Ca6Mg2Si4P6O31,True,True
enamel,SrMg2Si(PO5)2,True,True
enamel,Sr2Ca2Al2P4O17,True,True
enamel,Ca4Mg2Si4P6O29,True,True
enamel,SrMgSiP2O9,True,True
enamel,SrCa2Si2(PO6)2,True,True
enamel,SrCa2AlPO7,True,True
enamel,Sr2Mg2Si4P2O17,True,True
dentin,K5Na2Ca(PO4)3,True,True
dentin,K8Na2Ca2P4O17,True,True
dentin,K4Na2CaP2O9,True,True
dentin,K6Na4Ca2P4O17,True,True
dentin,K4Ca(PO4)2,True,True
dentin,K10Na2Ca2P6O23,True,True
dentin,K3NaCa(PO4)2,True,True
dentin,K10Ca2Al2P6O25,True,True
dentin,K6Ca2P4O15,True,True
dentin,K5NaCaP2O9,True,True
dentin,K6Ca2SiP4O17,True,True
dentin,K5Na3Ca(PO5)2,True,True
dentin,K8Na4Ca2P6O23,True,True
dentin,K12Ca4Si2P6O29,True,True
dentin,K10Ca2Si2P4O21,True,True
enamel,SrCaLaPO6,True,True
enamel,Sr2La4Al2P4O21,True,True
enamel,Sr4Ce2Mg2P2O15,True,True
enamel,Sr2LaSiPO8,True,True
enamel,Sr2CaLa2P2O11,True,True
enamel,Sr2CeMg(PO5)2,True,True
enamel,Sr2Ce2Ti4P2O19,True,True
enamel,Ce2Mg2Ti2P2O15,True,True
enamel,LaMgTiPO7,True,True
enamel,SrLaSiPO7,True,True
enamel,Sr4Ce2Si2P2O17,True,True
enamel,Sr4Ce4Mg2P2O19,True,True
enamel,Sr2Ca2Ce2P2O13,True,True
enamel,Sr2Ce2Y2P4O19,True,True
enamel,SrCaCeP2O9,True,True
