material_id,formula,youngs_modulus_GPa,pred_E_GPa,E_lo_GPa,E_hi_GPa,pool
mp-556788,SiO2,87.90592202578647,121.98582531097065,59.51266092205397,250.0399300963583,dentin
mp-684591,Al2O3,209.0117435964536,200.16575340733584,97.65394118841871,410.2889074371333,dentin
mp-752826,Al2O3,209.35293114156764,200.16575340733584,97.65394118841871,410.2889074371333,dentin
mp-2637304,Al2O3,125.8025780494946,200.16575340733584,97.65394118841871,410.2889074371333,dentin
mp-775907,Y2O3,163.3483655685488,163.30668659364017,79.67167858048991,334.737190948606,dentin
mp-776456,Ti2O3,277.61012009150403,196.34025391301088,95.78761242700011,402.44760600964156,dentin
mp-1147,Ti3O5,199.84614365071548,188.7629078025202,92.09088759349504,386.91597283051505,dentin
mp-1203,TiO,272.5807048319812,187.13431122406195,91.29635170618579,383.57776387390237,dentin
mp-554278,TiO2,163.4431891941702,160.46906801584197,78.28730271701458,328.92079425641606,dentin
mp-558573,Y2O3,163.70335471769627,163.30668659364017,79.67167858048991,334.737190948606,dentin
mp-7048,Al2O3,260.5575399632282,200.16575340733584,97.65394118841871,410.2889074371333,dentin
mp-754812,Al2O3,141.1479296829055,200.16575340733584,97.65394118841871,410.2889074371333,dentin
mp-755769,ZrO2,124.00308764450271,252.0623966610864,122.97251672848596,516.6638327067205,dentin
mp-758933,B8O,417.6095803539288,104.00296442833798,50.73944567849289,213.1796369716158,dentin
mp-766454,TiO2,171.39158331184225,160.46906801584197,78.28730271701458,328.92079425641606,dentin
mp-775935,ZrO2,134.06880892085337,252.0623966610864,122.97251672848596,516.6638327067205,dentin
mp-546794,SiO2,76.12448309443599,121.98582531097065,59.51266092205397,250.0399300963583,dentin
mp-2374583,SiO2,109.01058682773768,121.98582531097065,59.51266092205397,250.0399300963583,dentin
mp-759943,Al2O3,280.590733659123,200.16575340733584,97.65394118841871,410.2889074371333,dentin
mp-1692,CuO,67.10089499211702,75.76864002579185,36.96489629746013,155.3064498047161,dentin
mp-1018664,CeO2,126.76522554919664,130.4114748809705,63.62324364450701,267.3103697079162,dentin
mp-2657,TiO2,274.9415251128595,160.46906801584197,78.28730271701458,328.92079425641606,dentin
mp-6947,SiO2,485.4191379286989,121.98582531097065,59.51266092205397,250.0399300963583,dentin
mp-775909,ZrO2,239.41161442832424,252.0623966610864,122.97251672848596,516.6638327067205,dentin
mp-776532,HfO2,272.7349253789372,216.06972684601467,105.41293922082637,442.88800980598825,dentin
mp-1018721,HfO2,136.92162932478297,216.06972684601467,105.41293922082637,442.88800980598825,dentin
mp-2574,ZrO2,138.32916521649472,252.0623966610864,122.97251672848596,516.6638327067205,dentin
mp-1022728,Cu3O2,99.56263262562965,83.69931118730582,40.833996190962644,171.56230951453946,dentin
mp-1105,BaO2,91.14596103744604,88.08118059161131,42.97175856948797,180.54402781460314,dentin
mp-1866,KO2,25.42574366884892,45.69098261570644,22.291048559716984,93.65489859285893,dentin
mp-2697,SrO2,109.82895255599117,161.7310437714275,78.90297699755133,331.5075237301521,dentin
mp-2858,ZrO2,222.99326402587792,252.0623966610864,122.97251672848596,516.6638327067205,dentin
mp-352,HfO2,259.18264371100923,216.06972684601467,105.41293922082637,442.88800980598825,dentin
mp-430,TiO2,223.185338894541,160.46906801584197,78.28730271701458,328.92079425641606,dentin
mp-669426,SiO2,64.84301658034535,121.98582531097065,59.51266092205397,250.0399300963583,dentin
mp-754531,Al2O3,146.77959825950495,200.16575340733584,97.65394118841871,410.2889074371333,dentin
mp-755066,Al2O3,218.4671984150516,200.16575340733584,97.65394118841871,410.2889074371333,dentin
mp-390,TiO2,130.84158744257124,160.46906801584197,78.28730271701458,328.92079425641606,dentin
mp-754403,ZrO2,110.694534027973,252.0623966610864,122.97251672848596,516.6638327067205,dentin
mp-754624,Al2O3,277.9890072722679,200.16575340733584,97.65394118841871,410.2889074371333,dentin
mp-753629,Zr2O,196.5258452308655,123.40704662078956,60.2060255952923,252.95307247214393,dentin
mp-11684,SiO2,152.02000722154315,121.98582531097065,59.51266092205397,250.0399300963583,dentin
mp-21325,KO2,23.44616769515581,45.69098261570644,22.291048559716984,93.65489859285893,dentin
mp-32570,Al2O3,280.80839525357413,200.16575340733584,97.65394118841871,410.2889074371333,dentin
mp-557837,SiO2,55.78969934065356,121.98582531097065,59.51266092205397,250.0399300963583,dentin
mp-558733,SiO2,467.3822255945668,121.98582531097065,59.51266092205397,250.0399300963583,dentin
mp-1974948,Na2O,60.8539055268322,56.94293917676896,27.780488614093297,116.71854901948197,dentin
mp-306,B2O3,79.33530889743268,110.45235108313412,53.885878144426165,226.39924002154973,dentin
mp-553432,TiO2,42.68503764273622,160.46906801584197,78.28730271701458,328.92079425641606,dentin
mp-7000,SiO2,91.94271915340958,121.98582531097065,59.51266092205397,250.0399300963583,dentin
mp-6930,SiO2,95.04818152861904,121.98582531097065,59.51266092205397,250.0399300963583,dentin
mp-546546,SiO2,81.1254365566676,121.98582531097065,59.51266092205397,250.0399300963583,dentin
mp-775808,MgO,132.5305558968059,175.89957490700021,85.8153128126788,360.54941056967226,dentin
mp-1408285,TiO2,86.384403735308,160.46906801584197,78.28730271701458,328.92079425641606,dentin
mp-755483,Al2O3,267.45683245279054,200.16575340733584,97.65394118841871,410.2889074371333,dentin
mp-556464,SiO2,181.6154039624873,121.98582531097065,59.51266092205397,250.0399300963583,dentin
mp-755175,Al2O3,309.21638622306205,200.16575340733584,97.65394118841871,410.2889074371333,dentin
mp-1215,Ti2O,275.2473443624888,200.65593992593597,97.89308622019306,411.2936651828181,dentin
mp-13061,Y2O3,118.6812355571977,163.30668659364017,79.67167858048991,334.737190948606,dentin
mp-1968,La2O3,105.38109568730368,167.1486632532877,81.54604598041671,342.6122663761091,dentin
mp-2721,Ce2O3,124.8463321128712,108.85406071823016,53.106127609484616,223.12315109813994,dentin
mp-1346,B6O,478.3207550322843,96.64607184959634,47.15027249084999,198.0998774878757,dentin
mp-25433,TiO2,73.51096854351387,160.46906801584197,78.28730271701458,328.92079425641606,dentin
mp-1143,Al2O3,325.3347828321802,200.16575340733584,97.65394118841871,410.2889074371333,dentin
mp-14024,Zr3O,138.04997860182152,93.65700626012413,45.692010873596004,191.9730529233019,dentin
mp-458,Ti2O3,201.08680885894188,196.34025391301088,95.78761242700011,402.44760600964156,dentin
mp-754759,Y2O3,142.38911034699493,163.30668659364017,79.67167858048991,334.737190948606,dentin
mp-6922,SiO2,96.7164559319592,121.98582531097065,59.51266092205397,250.0399300963583,dentin
mp-1017,Zr3O,154.66044745178084,93.65700626012413,45.692010873596004,191.9730529233019,dentin
mp-2133,ZnO,115.83283561211168,125.34745086703833,61.15268164868486,256.9304078785642,dentin
mp-776911,MgO,131.60360306713068,175.89957490700021,85.8153128126788,360.54941056967226,dentin
mp-755264,TiO,402.9230022244067,187.13431122406195,91.29635170618579,383.57776387390237,dentin
mp-2340,Na2O2,74.95809895653528,52.19649338919101,25.46486204009631,106.98954181797549,dentin
mp-1008500,BaO,74.15348481300785,120.25908144037315,58.670242368848,246.500544142311,dentin
mp-545512,CaO,90.63139301141278,125.26660354796945,61.11323904071022,256.76469142784606,dentin
mp-7087,SiO2,146.55664224693942,121.98582531097065,59.51266092205397,250.0399300963583,dentin
mp-754333,TiO,384.0025410218063,187.13431122406195,91.29635170618579,383.57776387390237,dentin
mp-841,Li2O2,123.26315161421238,55.26673245276791,26.962725385075164,113.28275136817425,dentin
mp-8059,SiO2,73.84637638311055,121.98582531097065,59.51266092205397,250.0399300963583,dentin
mp-2589,MgO2,211.282063935912,124.81879424182262,60.89476838375874,255.84679619436284,dentin
mp-8484,ZnO2,162.37324229108063,78.83759869109261,38.46213498044847,161.59703486395742,dentin
mp-9258,SiO2,521.6037673366154,121.98582531097065,59.51266092205397,250.0399300963583,dentin
mp-2292,La2O3,106.6426200533605,167.1486632532877,81.54604598041671,342.6122663761091,dentin
mp-2652,Y2O3,162.28777701607328,163.30668659364017,79.67167858048991,334.737190948606,dentin
mp-771359,Cu2O3,145.03310957733737,62.308173715866204,30.39800079699338,127.71591585031321,dentin
mp-776475,Al2O3,318.83796003244106,200.16575340733584,97.65394118841871,410.2889074371333,dentin
mp-1986,ZnO,110.02591802256762,125.34745086703833,61.15268164868486,256.9304078785642,dentin
mp-33032,La2O3,91.11777473303157,167.1486632532877,81.54604598041671,342.6122663761091,dentin
mp-755300,TiO,129.7310747625606,187.13431122406195,91.29635170618579,383.57776387390237,dentin
mp-1021503,SiO2,344.5029266576995,121.98582531097065,59.51266092205397,250.0399300963583,dentin
mp-361,Cu2O,23.119849343940675,73.5604988598359,35.887620670209465,150.78032177819316,dentin
mp-673247,Y2O3,151.15977084705062,163.30668659364017,79.67167858048991,334.737190948606,dentin
mp-1008677,TiO2,224.8109921260225,160.46906801584197,78.28730271701458,328.92079425641606,dentin
mp-10197,ZrO,83.20543443872874,206.04499842559102,100.52222128864466,422.33986507615725,dentin
mp-10688,CeO,204.972479277731,119.23495868240296,58.1706083311861,244.40135284561595,dentin
mp-1265,MgO,282.56468586981174,175.89957490700021,85.8153128126788,360.54941056967226,dentin
mp-1342,BaO,94.1427099598596,120.25908144037315,58.670242368848,246.500544142311,dentin
mp-14549,CuO,99.4385709992382,75.76864002579185,36.96489629746013,155.3064498047161,dentin
mp-1565,ZrO2,270.8451943736006,252.0623966610864,122.97251672848596,516.6638327067205,dentin
mp-1960,Li2O,159.15407228218714,67.42214972717818,32.8929326429589,138.19826657526994,dentin
mp-20194,CeO2,193.87270284794212,130.4114748809705,63.62324364450701,267.3103697079162,dentin
mp-2229,ZnO,166.79283112540926,125.34745086703833,61.15268164868486,256.9304078785642,dentin
mp-2352,Na2O,75.05940493744944,56.94293917676896,27.780488614093297,116.71854901948197,dentin
mp-2472,SrO,137.28611040670395,113.05806947246191,55.15711793451741,231.7403002820956,dentin
mp-2605,CaO,180.45294466880412,125.26660354796945,61.11323904071022,256.76469142784606,dentin
mp-2664,TiO,177.59045866730244,187.13431122406195,91.29635170618579,383.57776387390237,dentin
mp-550893,HfO2,302.18517076786856,216.06972684601467,105.41293922082637,442.88800980598825,dentin
mp-971,K2O,32.49888872365737,46.00693175848767,22.445189208067063,94.30251401353287,dentin
mp-25262,TiO2,178.80621960447985,160.46906801584197,78.28730271701458,328.92079425641606,dentin
mp-8352,SiO2,142.80604058434622,121.98582531097065,59.51266092205397,250.0399300963583,dentin
mp-556605,ZrO2,244.37715057939008,252.0623966610864,122.97251672848596,516.6638327067205,dentin
mp-685097,HfO2,279.21937764107867,216.06972684601467,105.41293922082637,442.88800980598825,dentin
mp-2254,Al2O3,266.9258573423102,200.16575340733584,97.65394118841871,410.2889074371333,dentin
mp-554089,SiO2,67.5720393811533,121.98582531097065,59.51266092205397,250.0399300963583,dentin
mp-697111,H2O,22.644455022663347,76.10790039736061,37.130409687282196,156.0018473181179,dentin
mp-717,B2O3,361.2455059123782,110.45235108313412,53.885878144426165,226.39924002154973,dentin
mp-754401,Al2O3,116.99247399112444,200.16575340733584,97.65394118841871,410.2889074371333,dentin
mp-972808,SiO2,73.9893004252921,121.98582531097065,59.51266092205397,250.0399300963583,dentin
mp-554573,SiO2,73.98691743470532,121.98582531097065,59.51266092205397,250.0399300963583,dentin
mp-760432,Cu2O3,114.919113680271,62.308173715866204,30.39800079699338,127.71591585031321,dentin
mp-1001790,LiO3,46.75658648004066,38.9933166393485,19.023489208423072,79.92638605242128,dentin
mp-22464,NaO3,32.075378730943946,40.803851265924536,19.906786370567755,83.63752175455761,dentin
mp-998913,KO3,15.195033286059898,65.36892213452046,31.891233984888217,133.98967199117544,dentin
mp-990076,P2O5,396.5008312130281,55.31330173610466,26.985444926149203,113.37820655995964,dentin
mp-1901,NaO2,24.710002895924223,38.73970115360696,18.899758993301422,79.406538781933,dentin
mp-1228652,B8O,432.1649542860578,104.00296442833798,50.73944567849289,213.1796369716158,dentin
mp-1439,TiO2,214.33342449297967,160.46906801584197,78.28730271701458,328.92079425641606,dentin
mp-1938,Al2O3,362.7585395524216,200.16575340733584,97.65394118841871,410.2889074371333,dentin
mp-560203,SiO2,105.92529305854116,121.98582531097065,59.51266092205397,250.0399300963583,dentin
mp-776097,HfO2,249.9747780291625,216.06972684601467,105.41293922082637,442.88800980598825,dentin
mp-1840,TiO2,208.0353221780315,160.46906801584197,78.28730271701458,328.92079425641606,dentin
mp-775757,HfO2,268.17635607826566,216.06972684601467,105.41293922082637,442.88800980598825,dentin
mp-775906,Y2O3,168.576037350375,163.30668659364017,79.67167858048991,334.737190948606,dentin
mp-776404,ZrO2,233.1913262279521,252.0623966610864,122.97251672848596,516.6638327067205,dentin
mp-776490,Al2O3,359.5860186415108,200.16575340733584,97.65394118841871,410.2889074371333,dentin
mp-2173,P2O5,78.39559860453979,55.31330173610466,26.985444926149203,113.37820655995964,dentin
mp-2420244,TiO2,48.786851987971936,160.46906801584197,78.28730271701458,328.92079425641606,dentin
mp-741,HfO2,245.9496424481133,216.06972684601467,105.41293922082637,442.88800980598825,dentin
mp-754741,ZrO2,128.01171631079606,252.0623966610864,122.97251672848596,516.6638327067205,dentin
mp-755089,ZrO2,198.81881400579823,252.0623966610864,122.97251672848596,516.6638327067205,dentin
mp-755759,ZrO2,218.13071135725804,252.0623966610864,122.97251672848596,516.6638327067205,dentin
mp-755894,Li2O,110.0590071028909,67.42214972717818,32.8929326429589,138.19826657526994,dentin
mp-9173,TiO2,136.35026577893896,160.46906801584197,78.28730271701458,328.92079425641606,dentin
mp-963,ZrO2,223.48130597900536,252.0623966610864,122.97251672848596,516.6638327067205,dentin
mp-1096799,AlO2,190.6898507097572,138.22223557593495,67.4338433727766,283.32044344549706,dentin
mp-2672,K2O2,42.220374294158,44.71999848590774,21.817339019038005,91.66462797477175,dentin
mp-755875,Ti3O4,238.92174248043503,197.90979345414036,96.55333643039867,405.6647630534788,dentin
mp-555483,SiO2,116.40758913313628,121.98582531097065,59.51266092205397,250.0399300963583,dentin
mp-775910,ZrO2,251.4547592978012,252.0623966610864,122.97251672848596,516.6638327067205,dentin
mp-10734,Ti4O5,236.99813660496804,182.41405388123678,88.99350156771871,373.9024363263936,dentin
mp-6945,SiO2,62.14349493551583,121.98582531097065,59.51266092205397,250.0399300963583,dentin
mp-753197,HfTiO4,196.2487809767993,223.94010822944412,109.25262581888195,459.02029079787985,dentin
mp-2468835,Li7B18O,222.38498568671497,96.23635740125901,46.95038699614922,197.260067028254,dentin
mp-675334,LiTi2O4,279.5350574659254,198.3070521758373,96.74714520729886,406.4790424400391,dentin
mp-3488,Na2Ti3O7,113.13579408837847,161.2069158660291,78.64727313823617,330.43319477026455,dentin
mp-558636,CaAl2O4,223.64822841651733,148.12819483284886,72.26661794196566,303.62514158416985,dentin
mp-4779,Li2B4O7,92.31977225635576,95.90086007727132,46.78670946696222,196.57238280573432,dentin
mp-34993,LiAlO2,292.33826199972566,165.28264246204807,80.6356790395082,338.78739814235746,dentin
mp-15397,Ti7Al2O15,224.62108240648016,168.27429117391742,82.09520087275,344.9195174511523,dentin
mp-2408760,NaCu2O3,54.51743808808057,81.9539912449446,39.982515015461665,167.98484733586997,dentin
mp-3943,BaTi2O5,164.66454787429666,141.58191166210128,69.07291302053483,290.2069253100083,dentin
mp-4541,NaCuO2,79.53297803163018,71.82533519275677,35.04109438980022,147.22367738187748,dentin
mp-5427,Mg2P2O7,156.90107764626063,153.3369507797091,74.80778963712775,314.30176708161434,dentin
mp-5652,Y2Si2O7,157.27787257295157,229.05959436208096,111.75024586227705,469.51393587074443,dentin
mp-754483,Na3(CuO2)2,52.332924952187085,68.55047599901515,33.443403967427116,140.51104858430085,dentin
mp-756597,Li2HfO3,133.57627737364194,139.4564766890415,68.03598688144343,285.8503239529781,dentin
mp-760539,Li2Ti3O6,155.5754381882659,198.42185133013635,96.80315174024251,406.7143515215892,dentin
mp-8090,Cu2P2O7,104.59194455493363,75.97980948071886,37.067918563663014,155.73929350285752,dentin
mp-9158,LiCuO2,105.30970452011776,112.88824892031722,55.074268366449814,231.39221132275185,dentin
mp-1018097,BaCaO2,119.09115228189198,98.51539552745513,48.06225079579139,201.93151579952175,dentin
mp-37514,SrCuO2,159.20144851510278,140.88172460216234,68.73131599502855,288.7717198418713,dentin
mp-4826,CaCuO2,161.1202776449141,124.95098474722833,60.9592595548048,256.1177531243733,dentin
mp-752398,BaCuO2,138.83386365782536,114.75116447362404,55.983120369276726,235.21071460816893,dentin
mp-753619,BaSrO2,111.46941377545345,100.23308362677626,48.90025135170969,205.4523397246518,dentin
mp-753657,TiOF,243.418312608144,93.4804996885834,45.60589942814043,191.6112593239465,dentin
mp-1020622,SrZrO3,221.03868225999253,210.77932458780762,102.831935117019,432.0440301267792,dentin
mp-3382,CaSiO3,354.5566518727049,163.74850217961293,79.88722510887587,335.64280057948315,dentin
mp-550908,SrHfO3,245.9297569177556,228.75812433387577,111.60316907265005,468.89599895400505,dentin
mp-10219,YOF,126.12650299787246,123.02316602332888,60.0187435420456,252.1662148392204,dentin
mp-23856,LiHO,24.547072571493413,69.9849800537837,34.1432488320671,143.45141721043348,dentin
mp-753848,Li(CuO)3,108.49982160837943,65.90740880734847,32.15394298972024,135.09343277394262,dentin
mp-7915,ZrSiO,272.51044870799024,161.51078654221084,78.79552112089857,331.0560524050522,dentin
mp-778364,Na6Ti2O7,64.29474996351165,133.88374318974934,65.31724313964479,274.42763700507635,dentin
mp-37473,TiOF2,180.9047801646832,107.78839638441431,52.58622687517032,220.93881013184958,dentin
mp-19970,Li3CuO3,92.00713968488272,120.27840357758045,58.67966897064354,246.5401496114244,dentin
mp-1025349,Sr2ZrO4,168.32431405452854,174.86427353618512,85.31022511682242,358.4273059585229,dentin
mp-1077929,La2CuO4,151.425302724977,151.0486308845244,73.69139758373834,309.6112930435736,dentin
mp-19735,La2CuO4,135.2178243746941,151.0486308845244,73.69139758373834,309.6112930435736,dentin
mp-3349,Sr3Ti2O7,208.3867598262416,137.98538367545322,67.31829153053444,282.83495726307655,dentin
mp-5127,LiCuO,84.63288607311893,73.2772414076027,35.74942916586521,150.19971601211245,dentin
mp-5380,Ca4P2O,106.44317920214992,87.17749413731757,42.530881234788325,178.69170032258006,dentin
mp-5532,Sr2TiO4,189.601534368983,147.08185190475635,71.75614345258121,301.48040458763666,dentin
mp-7469,NaCuO,58.51466388026527,72.48528525979947,35.36306117950941,148.57640724380843,dentin
mp-754128,Ba3Hf2O7,180.95035392072583,118.7598617362427,57.938824979392066,243.42752488729312,dentin
mp-754322,Sr2CuO4,143.9580918386297,146.40931026864772,71.42803367225498,300.1018652102065,dentin
mp-754363,Ba2HfO4,151.3728162060389,118.43912547063643,57.78234885954968,242.77009708183198,dentin
mp-754364,Y2CuO4,152.45559218402985,174.23048131778737,85.00101983586138,357.12819303634683,dentin
mp-754808,La2MgO4,195.8159382843696,131.10992788865985,63.963994685954994,268.7420208097802,dentin
mp-755895,Ba3Zr2O7,170.35619961133946,166.03098878543312,81.0007713023375,340.32131785729206,dentin
mp-755959,NaLiO,42.97154057564777,41.403093231810956,20.199135779485974,84.86581544260768,dentin
mp-768305,Sr2HfO4,181.7864227675473,199.33687256968045,97.24955892424644,408.58991244179487,dentin
mp-779517,Sr3Hf2O7,202.12895535330827,215.87323737076503,105.31707880847539,442.4852563341742,dentin
mp-7911,KCuO,38.52096159228872,40.16763858495752,19.59640022971754,82.33344749945559,dentin
mp-8298,Sr4P2O,82.33552372682671,91.69102716533885,44.73287773702427,187.94329557913608,dentin
mp-8335,Ba2ZrO4,143.8474214741447,133.09550129014426,64.9326872063946,272.81194150132546,dentin
mp-8682,Ca2SiO4,243.8133659725092,117.37573711624535,57.26355849680049,240.59042129475253,dentin
mp-14600,CaAl2O4,112.4643882070552,148.12819483284886,72.26661794196566,303.62514158416985,dentin
mp-2379939,Ca2SiO4,111.22992657463077,117.37573711624535,57.26355849680049,240.59042129475253,dentin
mp-27275,Li3BO3,106.21770366038834,71.61876057212922,34.94031378417519,146.80025192593027,dentin
mp-2963,CaAl2O4,109.6925115382601,148.12819483284886,72.26661794196566,303.62514158416985,dentin
mp-3397,Ba2TiO4,78.74534328677214,120.19531210097016,58.63913151589898,246.36983320826627,dentin
mp-3470,MgSiO3,164.4456816631355,205.3839216636348,100.19970482349424,420.98482577608706,dentin
mp-3635,LiBO2,80.4602823532628,80.05799439304856,39.057523792354175,164.09853579842311,dentin
mp-3962,LaPO4,126.28529905405068,156.9067280001759,76.5493603544413,321.61890285857595,dentin
mp-4180,Ca2SiO4,125.78048306665646,117.37573711624535,57.26355849680049,240.59042129475253,dentin
mp-5152,La2SiO5,117.15781788606049,155.14115508424064,75.68799845430775,317.9999272328827,dentin
mp-559939,Ba(PO3)2,63.66239442281958,62.417953427714906,30.451558517742633,127.94093635090557,dentin
mp-5733,CaSiO3,121.14569040959874,163.74850217961293,79.88722510887587,335.64280057948315,dentin
mp-752496,TiOF,174.28916772089363,93.4804996885834,45.60589942814043,191.6112593239465,dentin
mp-753708,TiOF,151.12429554218193,93.4804996885834,45.60589942814043,191.6112593239465,dentin
mp-754134,HfZrO4,254.72014401419605,216.87032231789004,105.80352203429663,444.5290269923119,dentin
mp-766217,Sr4Cu2O7,134.41413913694012,149.8063751635177,73.08534402534917,307.0649846274073,dentin
mp-1019544,BaZrO3,225.12648100313385,190.2073445474305,92.79557827377747,389.8767009463046,dentin
mp-3387,CaSiO3,308.55379992516765,163.74850217961293,79.88722510887587,335.64280057948315,dentin
mp-3442,CaTiO3,263.948310058398,165.13188045580702,80.56212747616485,338.478374356966,dentin
mp-3721,SrHfO3,242.61426138949625,228.75812433387577,111.60316907265005,468.89599895400505,dentin
mp-4651,SrTiO3,252.70905274904504,181.01202464869124,88.30950004453693,371.0286328299212,dentin
mp-5076,SrZrO3,217.9839399958185,210.77932458780762,102.831935117019,432.0440301267792,dentin
mp-1023125,MgCuO2,180.659032207768,115.74500087184724,56.46797874055614,237.24782656691875,dentin
mp-1047145,Mg(CuO2)2,69.47682541536864,82.16659218417121,40.08623565329519,168.42062521290714,dentin
mp-1047156,Zn(CuO2)2,86.22513744497728,128.81534206480524,62.844545702899005,264.0387032109189,dentin
mp-10523,CeSiO4,151.47445661933628,121.19059709899057,59.12469660886777,248.40991442833075,dentin
mp-13900,Sr(CuO)2,69.965257959088,73.16511922452509,35.694728634501594,149.9698940410145,dentin
mp-38280,LiTiO2,296.89678385973417,190.00200866656166,92.69540200639454,389.4558145919447,dentin
mp-4820,ZrSiO4,250.8685400307497,131.61548133200668,64.21063670829798,269.77827684454627,dentin
mp-7374,Ba(CuO)2,57.02476740275929,71.89284197347288,35.07402861097269,147.36204912046477,dentin
mp-755253,LiZrO2,248.83817510066703,135.9730552914543,66.33654618040495,278.71019565914975,dentin
mp-755586,NaLaO2,98.59622767288982,104.59306003404605,51.027332894934425,214.38918294652953,dentin
mp-760408,LiZnO2,126.10837744183736,180.10953696044996,87.86920754629205,369.17876250355,dentin
mp-555678,Na4Ti5O12,158.7188144588754,109.62650421134514,53.48297604716178,224.70646388492884,dentin
mp-14142,TiZnO3,125.82015530875536,115.16140392020652,56.18326199244545,236.05160118072573,dentin
mp-3771,MgTiO3,193.5818453899005,177.2295434148203,86.46415840306715,363.27550790006256,dentin
mp-754701,CaTiO3,138.3097237638941,165.13188045580702,80.56212747616485,338.478374356966,dentin
mp-755225,Li8ZrO6,138.4139877738747,94.09549562362959,45.90593465319665,192.87184464372845,dentin
mp-15113,Na2Si3O7,166.40426862845172,95.89858546215868,46.78559976099776,196.5677204230164,dentin
mp-2931,Li2TiO3,176.75004945824705,106.2313039988822,51.82657540805719,217.74716659261446,dentin
mp-3638,Cu2P2O7,104.48698084068,75.97980948071886,37.067918563663014,155.73929350285752,dentin
mp-36864,Li2TiO3,211.79700988486297,106.2313039988822,51.82657540805719,217.74716659261446,dentin
mp-4156,Li2ZrO3,140.24864148312807,118.94745003206101,58.030342814464476,243.81203320417123,dentin
mp-4321,MgSiO3,174.37614362684772,205.3839216636348,100.19970482349424,420.98482577608706,dentin
mp-4867,CaAl4O7,124.59570405155118,150.81933428476026,73.5795317111457,309.1412933068812,dentin
mp-542833,Zn3(BO3)2,82.95319619786206,152.5909261447557,74.44383004570555,312.7726062377345,dentin
mp-685194,Li4Ti5O12,153.22061553143453,157.63195320053117,76.9031726218162,323.1054301492565,dentin
mp-755352,Li2HfO3,166.0327333662974,139.4564766890415,68.03598688144343,285.8503239529781,dentin
mp-768572,YAl3O6,88.91804181818182,209.0936453207666,102.0095505621987,428.58881617039253,dentin
mp-990440,Na2ZrO3,126.33237078433577,85.34307505800382,41.635931675051836,174.9316075643456,dentin
mp-4236,BaZnO2,88.15073915317932,123.67058248403458,60.33459561914648,253.4932539945109,dentin
mp-756018,BaMgO2,103.1271008809812,80.40286051916488,39.22577203574428,164.805423683527,dentin
mp-3955,AlPO4,78.46785766141308,150.3123836226118,73.33220803412225,308.1021733287791,dentin
mp-754912,LiCuO2,69.79422403931703,112.88824892031722,55.074268366449814,231.39221132275185,dentin
mp-5730,Ba(BO2)2,48.247170299416,219.16039881470363,106.92077107280582,449.2231016171207,dentin
mp-15800,Ti3PO2,177.41134134942214,159.15455307412978,77.6459963865154,326.22637280787114,dentin
mp-23879,Ca(HO)2,52.659142783274966,48.41288318605854,23.61896961360964,99.23410278814234,dentin
mp-30242,Mg4H2O5,165.40398581674592,79.69629945307544,38.88106535331038,163.35715312321034,dentin
mp-30244,Mg2H2O3,87.96027275318518,63.04992987431423,30.759877946506688,129.23632740250858,dentin
mp-30245,Mg3H4O5,85.4774319704285,61.54396600342468,30.025170311577455,126.14948432016729,dentin
mp-30247,Mg(HO)2,96.33210455792845,49.49962897862019,24.149155261788994,101.46165538543733,dentin
mp-625487,Zn(HO)2,74.75126662767465,62.53306301360422,30.50771649951179,128.1768817382964,dentin
mp-754375,NaTi2O3,204.4255516014235,136.17125783286315,66.43324233842728,279.1164604810867,dentin
mp-25372,LiCuO2,153.3136126595261,112.88824892031722,55.074268366449814,231.39221132275185,dentin
mp-25417,LiTiO2,195.2743258217782,190.00200866656166,92.69540200639454,389.4558145919447,dentin
mp-3637,YOF,149.17732670262234,123.02316602332888,60.0187435420456,252.1662148392204,dentin
mp-3748,AlCuO2,208.73904509660176,131.9846730238428,64.39075255303217,270.53502595521985,dentin
mp-3857,Ba3(PO4)2,77.25601798468553,116.01769050272031,56.601014570725255,237.8067709858108,dentin
mp-578606,NaCuO2,146.2820514000611,71.82533519275677,35.04109438980022,147.22367738187748,dentin
mp-6972,YCuO2,89.07367548378956,162.31032581018454,79.18558864905182,332.6949046418904,dentin
mp-7002,NaTiO2,158.7374710707107,101.60527075590393,49.569693945791464,208.26497449571278,dentin
mp-754344,LiZnO2,118.19717183789254,180.10953696044996,87.86920754629205,369.17876250355,dentin
mp-754777,NaLaO2,82.4228285855933,104.59306003404605,51.027332894934425,214.38918294652953,dentin
mp-755581,NaCeO2,91.97372653153074,106.92559429884668,52.16529560852249,219.17028520190493,dentin
mp-7748,NaAlO2,214.7828369169264,122.16012239697996,59.597694436012915,250.3971948120797,dentin
mp-8001,LiAlO2,236.87181799945137,165.28264246204807,80.6356790395082,338.78739814235746,dentin
mp-8409,KYO2,116.38599262196612,59.659776823173395,29.10593964267438,122.28737550779222,dentin
mp-3408,CeAlO3,160.85401480936412,246.0898909946363,120.05873798676419,504.421714448043,dentin
mp-3889,NaBO2,54.55015889846671,111.81583237112237,54.55107346001922,229.1940300315134,dentin
mp-756214,YAlO3,224.74042582207844,232.14746527386072,113.25671117556534,475.84328622731044,dentin
mp-779545,Na3CuO2,43.60905093606306,48.74683755874969,23.781894390277266,99.91862435276022,dentin
mp-8110,AlBO3,303.4328826980479,167.84737167295566,81.8869216285265,344.04444100759724,dentin
mp-9716,TiBO3,171.71100998780437,146.00861692701105,71.23254926319551,299.2805457259344,dentin
mp-4202,BaAl2O4,106.28510626688129,86.70973083891367,42.30267571583784,177.73290447776452,dentin
mp-5492,SrAl2O4,109.54980793641256,115.82787132121922,56.508408363763266,237.4176899204289,dentin
mp-559390,CaAl2O4,107.52559014887518,148.12819483284886,72.26661794196566,303.62514158416985,dentin
mp-28549,Li8SiO6,136.29602692343647,101.22959297482026,49.38641376266701,207.4949305510048,dentin
mp-37657,Ca3SiO5,133.37443685324033,105.92682688373216,51.678031564817566,217.12306591211345,dentin
mp-545974,AlPO4,105.90368812323928,150.3123836226118,73.33220803412225,308.1021733287791,dentin
mp-755000,LiTiO2,150.98021604834764,190.00200866656166,92.69540200639454,389.4558145919447,dentin
mp-27579,Na4P2O7,61.98651644111468,50.66173770866588,24.716107878041434,103.843682845466,dentin
mp-7339,BaSiO3,78.86618066845573,125.21528937946773,61.088204634435925,256.6595104277387,dentin
mp-27296,ZrTi2O,108.96078058744806,222.44570703499105,108.52355921347694,455.9571482627171,dentin
mp-1412082,AlCuO3,94.77400333736745,145.88686706408612,71.17315172015239,299.030989458742,dentin
mp-1443298,YTiO3,119.42127317340896,218.27160101966126,106.4871573994976,447.4012920915003,dentin
mp-2918,YCuO2,97.26060061981195,162.31032581018454,79.18558864905182,332.6949046418904,dentin
mp-3098,AlCuO2,209.41919508568367,131.9846730238428,64.39075255303217,270.53502595521985,dentin
mp-3405,NaAl11O17,181.01921127719328,117.36015675801993,57.25595737942682,240.5584855212999,dentin
mp-5933,BaTiO3,188.36926936202823,161.57864915983205,78.82862894257768,331.1951535188325,dentin
mp-755144,NaLiO,95.04825542070884,41.403093231810956,20.199135779485974,84.86581544260768,dentin
mp-764648,LiTiO2,229.9124511771465,190.00200866656166,92.69540200639454,389.4558145919447,dentin
mp-7964,YAlO3,213.2647995904448,232.14746527386072,113.25671117556534,475.84328622731044,dentin
mp-11737,Li4SiO4,130.31449531457324,101.01016516935009,49.279362533144834,207.0451593337253,dentin
mp-16828,Li3B7O12,98.04451200742488,94.08073815624172,45.898734995773474,192.8415955872938,dentin
mp-23791,B(HO)3,17.51067312870221,82.27482573737784,40.13903905677223,168.64247648135472,dentin
mp-2725306,NaCu3O4,54.37386398646431,80.33451743194588,39.19242980958266,164.66533772921844,dentin
mp-28017,Na8Ti5O14,109.32261589516104,99.89903998523383,48.73728302386009,204.76763518158313,dentin
mp-4428,CaSiO3,101.83513447061569,163.74850217961293,79.88722510887587,335.64280057948315,dentin
mp-4429,CaSiO3,121.95145338641744,163.74850217961293,79.88722510887587,335.64280057948315,dentin
mp-5065,Al2SiO5,291.5455979897443,146.49495079602463,71.46981472061839,300.2774065194049,dentin
mp-635713,TiZnO3,66.76149692089056,115.16140392020652,56.18326199244545,236.05160118072573,dentin
mp-4051,AlPO4,57.3646375635762,150.3123836226118,73.33220803412225,308.1021733287791,dentin
mp-558125,BaTiO3,137.0065725532533,161.57864915983205,78.82862894257768,331.1951535188325,dentin
mp-5024,ZrP2O7,136.2946209750681,167.69253844052486,81.81138385487426,343.7270722435224,dentin
mp-530399,LiAl5O8,299.91840442620725,171.45644843640358,83.64766523227881,351.4421308567616,dentin
mp-1009014,LiCuO,121.27017847464532,73.2772414076027,35.74942916586521,150.19971601211245,dentin
mp-38194,YOF,169.5492469706984,123.02316602332888,60.0187435420456,252.1662148392204,dentin
mp-4812,Zn4B6O13,231.8154816866341,139.5212444135623,68.06758481192654,285.98308132270034,dentin
mp-1016819,HfZnO3,149.83918221052534,176.43659933361744,86.0773084382087,361.65017411944615,dentin
mp-1016821,BaSiO3,296.20307232960715,125.21528937946773,61.088204634435925,256.6595104277387,dentin
mp-1016825,HfMgO3,202.24104322360364,210.6656427388065,102.77647367864819,431.81101123704343,dentin
mp-1016873,CaHfO3,236.15817058859204,218.54818576187836,106.62209351963958,447.96822049841467,dentin
mp-1016876,ZnSiO3,279.7777762133455,154.82417966701178,75.53335712218511,317.3502082104953,dentin
mp-1016883,ZrZnO3,122.86617845747584,137.15519866412393,66.91327300517821,281.1332890432596,dentin
mp-1016928,MgSiO3,338.9021766223015,205.3839216636348,100.19970482349424,420.98482577608706,dentin
mp-1017000,MgZrO3,175.2157158959779,260.84305839496443,127.25629759488913,534.6619570014224,dentin
mp-1019541,BaCa3O4,140.25149392376423,72.35876814298503,35.30133785833976,148.3170793180955,dentin
mp-1432347,YCuO3,212.33461162941896,180.10369716142552,87.86635851052654,369.1667924001701,dentin
mp-1436662,YTiO3,160.06379297017298,218.27160101966126,106.4871573994976,447.4012920915003,dentin
mp-1475723,TiAlO3,169.66471548798404,212.6819536890362,103.76016198496202,435.9439360892772,dentin
mp-1504314,AlCuO3,130.85435189177218,145.88686706408612,71.17315172015239,299.030989458742,dentin
mp-2998,BaTiO3,263.2040257340708,161.57864915983205,78.82862894257768,331.1951535188325,dentin
mp-3323,SrZrO3,221.3730975051197,210.77932458780762,102.831935117019,432.0440301267792,dentin
mp-3834,BaZrO3,227.6502256605584,190.2073445474305,92.79557827377747,389.8767009463046,dentin
mp-4551,SrHfO3,248.30012042559264,228.75812433387577,111.60316907265005,468.89599895400505,dentin
mp-504715,BaTiO3,9.266069401386115,161.57864915983205,78.82862894257768,331.1951535188325,dentin
mp-5229,SrTiO3,268.6493671444944,181.01202464869124,88.30950004453693,371.0286328299212,dentin
mp-5304,LaAlO3,318.4416911409627,207.0763074732944,101.02536126827226,424.45378643987414,dentin
mp-5323,CeAlO3,134.7543577080098,246.0898909946363,120.05873798676419,504.421714448043,dentin
mp-542112,CaZrO3,208.55181840595668,203.06351328115372,99.06765790808211,416.22857849676984,dentin
mp-5663,BaCeO3,135.86212450238622,102.11373969851451,49.81775833928831,209.30720656277805,dentin
mp-5827,CaTiO3,259.4717119559807,165.13188045580702,80.56212747616485,338.478374356966,dentin
mp-5893,CaSiO3,365.7637677470431,163.74850217961293,79.88722510887587,335.64280057948315,dentin
mp-640266,Ca3Al2O6,105.11847900261913,129.92975265743553,63.388228049254266,266.3229616152834,dentin
mp-754940,Ba3SiO,65.41461727643681,129.79623530916905,63.3230895575128,266.0492849947244,dentin
mp-8020,LaTiO3,176.94446765675605,156.63706959018742,76.41780335199849,321.0661716718866,dentin
mp-972066,ZrAlO3,255.99284246904097,190.0607858456516,92.72407735715942,389.57629286647733,dentin
mp-972839,SiBO3,147.90430557684996,159.87028640707433,77.99517790039668,327.6934441834254,dentin
mp-974061,KSiO3,289.7733567560865,61.61960163893271,30.062070319575422,126.3045181445236,dentin
mp-975990,NaLiO3,36.040612900650856,77.22032108718714,37.67312122895154,158.2820269276168,dentin
mp-977123,NaTiO3,176.73481348945612,99.28086930500749,48.4356989505427,203.50054244128003,dentin
mp-984628,CaBO3,161.2442705974935,100.91689519172603,49.23385934014353,206.85397959111376,dentin
mp-984729,BaSr3O4,122.06825708368405,103.42790863997058,50.45889586824133,212.0009187987597,dentin
mp-998552,BaHfO3,252.8177434977764,208.24994530006728,101.59793853167132,426.85944561721413,dentin
mp-12533,La2Hf2O7,227.45481958689848,221.93650142307482,108.27513542452994,454.9134062108547,dentin
mp-27719,Al2CuO4,96.00001601989136,172.35559165216526,84.08632607818923,353.28514586479673,dentin
mp-3536,MgAl2O4,249.9468985325084,174.52531242395003,85.14485772526865,357.732521850676,dentin
mp-5373,Y2Ti2O7,251.0227832421644,162.52175161563383,79.28873597979948,333.1282737934319,dentin
mp-558411,Y2Zr2O7,220.8367711554524,188.82564408260538,92.12149445256823,387.0445662555873,dentin
mp-561442,Y2Hf2O7,241.756861992898,194.69347544290773,94.98420622422898,399.07212879744003,dentin
mp-5639,Mg2SiO4,284.85654960902656,181.91348331216858,88.74929051722515,372.8763939171298,dentin
mp-755450,La2Ce2O7,158.12662272748994,124.83159877040525,60.901015269951145,255.87304222273175,dentin
mp-3050,Y3Al5O12,257.21128024259195,223.3823186779994,108.98049960785397,457.87696402121395,dentin
mp-13725,Li3PO4,108.89484877854952,70.6907436858218,34.487566474035155,144.89805323367221,dentin
mp-23807,AlHO2,313.8055218560364,108.58373395387805,52.97424454008675,222.56904995491723,dentin
mp-5540,SrB4O7,281.0174190895364,94.84395519395882,46.2710821652893,194.40599648610848,dentin
mp-3660,LiB3O5,119.80797979014903,88.27641492298928,43.06700664059804,180.94420856056857,dentin
mp-3281,Al5BO9,201.63296039128508,179.68326891933881,87.6612461267756,368.3050213870716,dentin
mp-4163,Ca3Ti2O7,168.17774839063233,129.2609528094013,63.061943757785826,264.95209195215136,dentin
mp-4533,Na2SiO3,89.99004178758244,82.25017784308405,40.127014202476175,168.59195456415222,dentin
mp-5012,Li2SiO3,126.1618138743623,128.34116387332395,62.61321057970481,263.066758466118,dentin
mp-625054,AlHO2,190.2019648633309,108.58373395387805,52.97424454008675,222.56904995491723,dentin
mp-626785,KHO,43.114234850417226,28.42981777298866,13.869923828334302,58.27389887709344,dentin
mp-754718,NaCuO2,56.39709148817581,71.82533519275677,35.04109438980022,147.22367738187748,dentin
mp-4117,Li2Si2O5,121.66433579245876,133.03615351113146,64.903733479682,272.69029364201145,dentin
mp-5777,BaTiO3,130.96134074269526,161.57864915983205,78.82862894257768,331.1951535188325,dentin
mp-644497,BaTiO3,52.79319454829346,161.57864915983205,78.82862894257768,331.1951535188325,dentin
mp-3094,SrAl2O4,116.37052280222946,115.82787132121922,56.508408363763266,237.4176899204289,dentin
mp-5724,AlPO4,64.8932553732336,150.3123836226118,73.33220803412225,308.1021733287791,dentin
mp-770118,Ba3Ti2O7,120.64810292643588,162.03719494878305,79.05233755778366,332.13505581258676,dentin
mp-25886,CuPO4,106.58225543675772,78.43305024656682,38.264769800156145,160.76781339882444,dentin
mp-1105595,Zn2SiO5,84.5182107273691,142.50931996018943,69.5253634215525,292.1078765511349,dentin
mp-1189355,Zn2SiO5,84.40390682267945,142.50931996018943,69.5253634215525,292.1078765511349,dentin
mp-753081,Li3(CuO)4,62.66268529271454,70.07809399524997,34.18867590042911,143.6422771185898,dentin
mp-25317,Li3(CuO2)2,86.85973622244386,95.28264514527415,46.485103804737875,195.30519936055092,dentin
mp-16053,CuSiO3,49.47840623360269,154.00755015984683,75.13495185800824,315.67632532807335,dentin
mp-4753,Al2SiO5,220.63933666464752,146.49495079602463,71.46981472061839,300.2774065194049,dentin
mp-996987,LiCuO2,109.36960098173697,112.88824892031722,55.074268366449814,231.39221132275185,dentin
mp-27226,MgCu2O3,138.24070063530442,89.4726644760031,43.650615382393944,183.3962160282467,dentin
mp-3255,SrCu2O3,110.85910055709212,95.38679476123886,46.53591479662377,195.51867959588967,dentin
mp-7466,CaCu2O3,77.80041081012986,105.8822726379835,51.65629509082054,217.03174103511162,dentin
mp-753059,TiOF,66.98272109336865,93.4804996885834,45.60589942814043,191.6112593239465,dentin
mp-754010,ZnCu2O3,95.15325827943396,134.22285123598428,65.4826822152101,275.1227222902687,dentin
mp-15960,Li5AlO4,132.97579724892668,112.76541487171293,55.01434188674912,231.14043275054337,dentin
mp-657338,MgSiO3,129.36946573731686,205.3839216636348,100.19970482349424,420.98482577608706,dentin
mp-11649,Ca3SiO,109.4362599743761,78.82277999842023,38.45490545332864,161.56666031125448,dentin
mp-1340758,YCuO3,145.80804246234135,180.10369716142552,87.86635851052654,369.1667924001701,dentin
mp-1345518,CaTi2O4,219.83861352946067,146.57305383439746,71.50791848905062,300.43749789235966,dentin
mp-17275,SrY2O4,158.4571033511722,166.88392294879878,81.41688835137836,342.0696160553907,dentin
mp-17612,Ba2SiO4,80.18125380473532,104.12832876438307,50.80060659783537,213.43660198981675,dentin
mp-2719342,Ca2SiO4,119.4373736623189,117.37573711624535,57.26355849680049,240.59042129475253,dentin
mp-27425,Sr(HO)2,63.26998028399019,49.64042372642735,24.217844144816947,101.75024882496109,dentin
mp-2878,Li3PO4,105.5153364481945,70.6907436858218,34.487566474035155,144.89805323367221,dentin
mp-2895,Mg2SiO4,185.1690297582533,181.91348331216858,88.74929051722515,372.8763939171298,dentin
mp-29356,NaTi2O4,198.165791355264,160.3981423194653,78.25270052525694,328.7754146098969,dentin
mp-3031,BaSi2O5,85.84297994269343,106.47636836302486,51.94613382699744,218.24948623773005,dentin
mp-3378,SrHfO3,231.50819849068088,228.75812433387577,111.60316907265005,468.89599895400505,dentin
mp-3792,YAlO3,280.4226844657418,232.14746527386072,113.25671117556534,475.84328622731044,dentin
mp-3952,BaY2O4,151.6824729978636,132.26742902904553,64.52869941873077,271.1146038823682,dentin
mp-4019,CaTiO3,256.3255560759512,165.13188045580702,80.56212747616485,338.478374356966,dentin
mp-4355,YTiO3,205.03771176098508,218.27160101966126,106.4871573994976,447.4012920915003,dentin
mp-4387,SrZrO3,209.24060571494456,210.77932458780762,102.831935117019,432.0440301267792,dentin
mp-4481,Ca2SiO4,125.79471482701707,117.37573711624535,57.26355849680049,240.59042129475253,dentin
mp-4571,CaZrO3,214.6696971740629,203.06351328115372,99.06765790808211,416.22857849676984,dentin
mp-557753,K3PO4,50.091790771452494,38.6785279815585,18.86991472052329,79.28114933095559,dentin
mp-5637,SrZnO2,127.20833027205678,108.64677510917886,53.00500013722262,222.69826829667477,dentin
mp-625152,AlHO2,269.2859129010833,108.58373395387805,52.97424454008675,222.56904995491723,dentin
mp-23891,NaHO,58.28971878492412,41.69415699770055,20.34113571400235,85.46242216712744,dentin
mp-28232,MgTi2O5,188.31213263482576,200.90379460159784,98.0140059355207,411.8017042571824,dentin
mp-3982,KCuO2,44.147963212937285,47.99108042168408,23.41318664802155,98.36951435379123,dentin
mp-4391,MgSiO3,276.31400111497544,205.3839216636348,100.19970482349424,420.98482577608706,dentin
mp-4673,SrHfO3,228.77486763095283,228.75812433387577,111.60316907265005,468.89599895400505,dentin
mp-4930,TiAl2O5,241.60427871948733,179.39187077678045,87.51908306145891,367.70772927538763,dentin
mp-5787,SrCuO2,108.3339170962228,140.88172460216234,68.73131599502855,288.7717198418713,dentin
mp-5839,TiPO4,157.80319312085322,112.17960289865762,54.72854450637607,229.93966713356323,dentin
mp-9172,Li4TiO4,110.71421722977264,121.88717278566753,59.46453177038817,249.8377174993804,dentin
mp-997034,BaCuO2,90.05969194432889,114.75116447362404,55.983120369276726,235.21071460816893,dentin
mp-997041,NaCuO2,57.47813185297074,71.82533519275677,35.04109438980022,147.22367738187748,dentin
mp-36480,La2CuO4,134.38814894475587,151.0486308845244,73.69139758373834,309.6112930435736,dentin
mp-2724101,Li2HfO3,122.34586070772728,139.4564766890415,68.03598688144343,285.8503239529781,dentin
mp-3988,BaCu3O4,86.64217141329759,89.51197025576332,43.66979131154132,183.47678288426107,dentin
mp-5938,SrCu2O3,116.28131167894357,95.38679476123886,46.53591479662377,195.51867959588967,dentin
mp-603719,AlPO4,414.487940602124,150.3123836226118,73.33220803412225,308.1021733287791,dentin
mp-752953,ZrTi2O,185.1328611109356,222.44570703499105,108.52355921347694,455.9571482627171,dentin
mp-753315,Mg3ZnO4,245.01578657309312,130.43544796174297,63.6349392806486,267.3595084289542,dentin
mp-754478,HfZrO4,253.55955187618105,216.87032231789004,105.80352203429663,444.5290269923119,dentin
mp-754534,Li2CeO3,102.50442698117963,118.21214696291108,57.67161390380857,242.30484884450323,dentin
mp-754631,NaCu2O3,93.31227054337228,81.9539912449446,39.982515015461665,167.98484733586997,dentin
mp-867744,LiTi3O4,213.6458720252781,215.02192997530688,104.90175540317658,440.74029259672164,dentin
mp-997031,MgCuO2,165.16272263209862,115.74500087184724,56.46797874055614,237.24782656691875,dentin
mp-754084,Cu2OF2,27.455024061597683,74.34962802949762,36.27260947180228,152.3978359599943,dentin
mp-4711,Li2CuO2,112.48385661045124,134.9339907720532,65.82962257463669,276.5803775500838,dentin
mp-5456,Sr2CuO3,136.3035260976546,148.5673839521409,72.48088310818848,304.52536762606377,dentin
mp-5869,Ca2CuO3,155.3768308307479,130.5386171446311,63.685271953179814,267.5709790257361,dentin
mp-755974,Na2CuO2,65.27511104070965,69.67382734019837,33.991448195465466,142.81363325024108,dentin
mp-8790,Ba2CuO3,100.7839024168548,75.52196250303447,36.84455087428061,154.80082359454485,dentin
mp-754352,Na3CuO2,67.58371620467298,48.74683755874969,23.781894390277266,99.91862435276022,dentin
mp-8187,K2ZnO2,25.420043315598782,50.626505533534015,24.698919319560776,103.77146584332942,dentin
mp-5391,Mg2SiO4,252.47363137939607,181.91348331216858,88.74929051722515,372.8763939171298,dentin
mp-5392,Mg2SiO4,164.66256913204998,181.91348331216858,88.74929051722515,372.8763939171298,dentin
mp-675755,TiCu3O4,70.96057912877731,74.44164876656592,36.31750320358613,152.58645507705415,dentin
mp-773044,LiCuO2,59.56559051677384,112.88824892031722,55.074268366449814,231.39221132275185,dentin
mp-3589,BPO4,136.48878706564187,121.525012645507,59.287846376278544,249.09538128204878,dentin
mp-540284,CuPO4,72.79508139193635,78.43305024656682,38.264769800156145,160.76781339882444,dentin
mp-7848,AlPO4,55.019263854304505,150.3123836226118,73.33220803412225,308.1021733287791,dentin
mp-11736,ZrSiO4,265.2679926528225,131.61548133200668,64.21063670829798,269.77827684454627,dentin
mp-757031,Mg2TiO4,185.33849067443097,188.68924203155512,92.05494861420928,386.76497672768386,dentin
mp-3427,LiAlO2,133.40124553685052,165.28264246204807,80.6356790395082,338.78739814235746,dentin
mp-13108,SrHfO3,230.160458431641,228.75812433387577,111.60316907265005,468.89599895400505,dentin
mp-5986,BaTiO3,129.30387946580058,161.57864915983205,78.82862894257768,331.1951535188325,dentin
mp-760376,KTiO3,63.13197540739926,91.94380004258976,44.85619687263512,188.4614157164303,dentin
mp-1019573,CaAl2SiO6,181.17833601098616,188.65652499373488,92.0389871041469,386.69791511762645,dentin
mp-24390,CaPHO4,99.6206854634594,63.78464367039557,31.11831937123353,130.74230390219364,dentin
mp-6081,Ba2Ti(SiO4)2,93.99129729874662,120.6226022524236,58.84759158766517,247.24566939110082,dentin
mp-559691,Ca2Al2SiO7,136.5441355476587,149.70346902357394,73.03513968236376,306.8540532017893,dentin
mp-6094,Ca2MgSi2O7,94.26468312160694,141.08355808914476,68.82978356568998,289.1854271791586,dentin
mp-6564,Sr2MgSi2O7,112.15214525021692,130.67351152656312,63.75108225197269,267.84747821523365,dentin
mp-754213,Li2ZrCuO4,149.9334656855294,122.50788309952597,59.7673548430305,251.1100158429921,dentin
mp-1129406,Ca2Mg5(SiO3)8,131.75355539244873,165.8563665106609,80.91557914003943,339.9633865872776,dentin
mp-551092,KLiZnO2,75.80937379901134,44.38586735222928,21.654328006804285,90.97974409506688,dentin
mp-696752,KP(HO2)2,28.077916669471268,38.214421751474575,18.64349335859548,78.32984954647945,dentin
mp-6521,LiLaTiO4,140.87978859105684,197.419475512475,96.31412728186078,404.65973592392123,dentin
mp-1019584,CaAl2SiO6,180.3070575698564,188.65652499373488,92.0389871041469,386.69791511762645,dentin
mp-6442,LiAl(Si2O5)2,108.58988793497588,147.7914702699895,72.10234168542118,302.93494183395745,dentin
mp-1025280,Sr2Cu(OF)2,115.9000014742046,81.21287998068242,39.62095248749487,166.46575765280764,dentin
mp-6109,CaTiSiO5,171.768032753568,193.27588457975725,94.2926127202312,396.16642791437596,dentin
mp-1412249,La2MgTiO6,189.84952647878904,156.28479499109486,76.24594077113055,320.34409830059707,dentin
mp-560767,KNaTiO3,72.14641713547135,89.54818269792574,43.68745810836855,183.55100918460235,dentin
mp-561536,NaMgBO3,89.42111904988414,99.2509901045781,48.4211219230951,203.43929767642595,dentin
mp-562517,CaMg(SiO3)2,121.35465993322684,185.6758730274223,90.58483020234611,380.58833634158043,dentin
mp-6340,LiAl(SiO3)2,194.0869149947702,142.07774143465838,69.3148112005408,291.2232502916512,dentin
mp-6693,CaZn(SiO3)2,133.52299574662754,152.94281652740196,74.61550518067122,313.49389206298633,dentin
mp-6766,CaMg(SiO3)2,160.85345703497683,185.6758730274223,90.58483020234611,380.58833634158043,dentin
mp-9844,BaAl2B2O7,82.52069649203722,209.64767878293017,102.27984430730523,429.72444391892213,dentin
mp-23764,Mg3Si2H4O9,88.99929544669047,135.85992374268247,66.28135321446419,278.4783047449842,dentin
mp-554041,Na2Al2B2O7,85.57725077733096,117.04935154971547,57.10432627862081,239.92141385858892,dentin
mp-560620,BaZr(PO4)2,102.04535152573474,121.24170548251406,59.149630619775635,248.5146736215483,dentin
mp-8891,K2Zr(BO3)2,86.90247826162962,91.58829457021594,44.682758060548686,187.73271987628152,dentin
mp-6150,Na4Zr2(SiO4)3,121.63384103208467,148.69872822411065,72.54496143123842,304.79458999266376,dentin
mp-6473,Ca5P3O12F,117.02039216430045,103.02149356549616,50.26062002382129,211.16787121677518,dentin
mp-6669,Sr5P3O12F,102.65469127055644,124.18561692012422,60.585863089609106,254.54894365409865,dentin
mp-6326,LiAlSiO4,121.07064360379968,130.83984610111352,63.83223113225937,268.1884218067302,dentin
mp-6661,BaTi(SiO3)3,146.9357881283172,87.58146809561471,42.727966143138865,179.5197442369928,dentin
mp-6097,Li3Al(BO3)2,98.38088095028375,102.9991231078937,50.24970625204024,211.12201746580956,dentin
mp-696497,Mg3Si4(HO6)2,76.75006515294957,155.35332555439027,75.79150908118181,318.4348227577479,dentin
mp-697670,KAlSi3O8,80.97132026557951,112.9756432351376,55.11690502698936,231.57134745035356,dentin
mp-758658,CaAl2(SiO4)2,108.60349205641567,134.22052778181134,65.48154868235898,275.11795979989324,dentin
mp-765294,SrP2(H2O3)2,40.47045803716572,50.958973863826884,24.86111910759026,104.45294139881928,dentin
mp-22592,CaTi4(CuO4)3,273.7688646016266,138.92059824521974,67.77455034124458,284.7519093765979,dentin
mp-542090,Na4Al3(SiO4)3,60.67439836807078,122.37844587905057,59.70420690438101,250.84470244713623,dentin
mp-997590,La8MgAl7O24,252.3461998006424,267.06595866156914,130.29223519316432,547.4173205339632,dentin
mp-643409,Ba4Y(CuO3)3,131.2967219908735,110.37966576621831,53.85041749472694,226.25025360026405,dentin
mp-6008,Ca3Al2(SiO4)3,241.49548698011336,180.49268162523236,88.0561305634636,369.9641116615752,dentin
mp-6073,Mg3Al2(SiO4)3,215.33261458698595,218.1341768222148,106.42011289129948,447.11960742333935,dentin
mp-1196695,Na2Al2(SiO4)3,67.07715853739546,137.8358204842446,67.24532482754145,282.5283907437333,dentin
mp-23959,KP(HO2)2,40.30028745544314,38.214421751474575,18.64349335859548,78.32984954647945,dentin
mp-20674,Ba2YCu3O7,142.40453578482308,116.5274919317264,56.849729038202724,238.85173431123613,dentin
mp-20897,Ba4Y2Cu6O13,124.58542081552498,109.84085295630385,53.587549378901564,225.14582431938172,dentin
mp-7079,CaZrSi2O7,161.94100200559234,112.67567261420804,54.97055974626146,230.95648393734308,dentin
mp-23662,LiB(HO)4,68.33138825202636,46.781362211749666,22.823007014809804,95.88989956348911,dentin
mp-541431,Ca2SiH2O5,94.15811335922932,124.9565288498829,60.96196433054868,256.1291171253681,dentin
mp-556125,Na2BHO3,47.95718833689782,88.6246851599277,43.236915631805196,181.65807400744924,dentin
mp-6493,CaMgSiO4,139.50749486563677,122.57957679461369,59.802331714770546,251.2569696916248,dentin
mp-6668,LiTiPO5,146.9219204412893,173.08009216098776,84.43978479365468,354.77018772206947,dentin
mp-6812,KBaPO4,69.11899509631317,72.77543022482894,35.50461286289575,149.17113066014664,dentin
mp-1192758,CaAl2(SiO5)2,161.50223447061808,118.48603773141978,57.80523572744576,242.86625529018963,dentin
mp-6174,Mg2Al4Si5O18,132.9887733503734,139.05711892100607,67.84115405250537,285.031742055053,dentin
mp-6391,Na2ZnSiO4,90.0798036427276,119.3809530065798,58.24183390751132,244.7006040948376,dentin
mp-24148,LiLa2HO3,182.1912744618089,169.58753468535585,82.73588691643653,347.61133279086476,dentin
mp-24149,LiCe2HO3,171.00805903523116,146.38383998531708,71.41560760281962,300.0496576045499,dentin
mp-8874,LiSiBO4,174.28359440571185,94.70291558066467,46.20227382086769,194.11690113458718,dentin
mp-6598,K2Cu(PO3)4,50.58691222271968,74.12374097404958,36.162406997840314,151.93482492236006,dentin
mp-24214,KPH3O4F,27.315462613184152,37.12636370289738,18.1126675061375,76.09960715796028,dentin
mp-1019551,BaNa2Mg(PO4)2,117.48105355961192,71.52699063673468,34.895542409845,146.61214688854167,dentin
mp-23915,Ca2Al3Si3HO13,164.59795037910297,141.36377956259153,68.96649392109236,289.7598099605474,dentin
