material_id,formula,K_GPa,G_GPa,youngs_modulus_GPa,energy_above_hull,is_stable,nelements,density,vol_per_atom
mp-556788,SiO2,42.63,38.011,87.90592202578647,0.247048454722223,False,2,2.696521765071871,12.333459702429002
mp-684591,Al2O3,141.633,83.335,209.0117435964536,0.125386212749999,False,2,3.482552267854382,9.723367879954038
mp-752826,Al2O3,166.16,81.144,209.35293114156764,0.093756465599999,False,2,3.496443884413578,9.684736258021122
mp-2637304,Al2O3,89.312,49.715,125.8025780494946,0.7831800509999991,False,2,2.61970290909868,12.925945435990986
mp-775907,Y2O3,128.193,63.43,163.3483655685488,0.041838798249999,False,2,5.363418063602864,13.982358120454128
mp-776456,Ti2O3,206.646,108.773,277.61012009150403,0.047594817333333,False,2,4.775431857524981,9.995868032428142
mp-1147,Ti3O5,170.755,76.573,199.84614365071548,0.002190746249999,False,2,4.273518581031359,10.860290155917022
mp-1203,TiO,195.566,107.51,272.5807048319812,0.052573148,False,2,4.934842399291236,10.745292722857164
mp-554278,TiO2,180.571,60.573,163.4431891941702,0.006417397499999,False,2,3.615939061446627,12.225526917683998
mp-558573,Y2O3,142.737,62.537,163.70335471769627,0.03422779625,False,2,5.457599847821435,13.74106460827165
mp-7048,Al2O3,186.365,102.826,260.5575399632282,0.017159517999999,False,2,3.626309528339469,9.337905823230228
mp-754812,Al2O3,128.947,53.564,141.1479296829055,0.084885991999999,False,2,3.094645987901551,10.942168181400929
mp-755769,ZrO2,159.745,45.236,124.00308764450271,0.091111707499999,False,2,4.589118191733542,14.862424889122655
mp-758933,B8O,204.847,179.969,417.6095803539288,0.025976052222222,False,2,2.533458900688488,7.463855113392465
mp-766454,TiO2,155.372,65.111,171.39158331184225,0.045939138888888,False,2,4.019598507976489,10.997804940144364
mp-775935,ZrO2,127.742,50.589,134.06880892085337,0.130473561111108,False,2,4.5723229995210914,14.917017988250189
mp-546794,SiO2,35.06,33.443,76.12448309443599,0.005647450555557,False,2,2.223612886125405,14.956489384349169
mp-2374583,SiO2,89.352,42.035,109.01058682773768,0.15964837638889,False,2,2.6312563843426213,12.639377418383155
mp-759943,Al2O3,196.991,111.116,280.590733659123,0.035135316874999,False,2,3.57452754463431,9.47317832599906
mp-1692,CuO,144.365,23.585,67.10089499211702,0.0,True,2,6.155599921960791,10.729112185888177
mp-1018664,CeO2,128.806,47.443,126.76522554919664,0.119314478333333,False,2,5.962115660346726,15.97885524881083
mp-2657,TiO2,208.538,107.377,274.9415251128595,0.043638704166665,False,2,4.236221754389662,10.435421677964042
mp-6947,SiO2,272.328,201.767,485.4191379286989,0.20171111388889,False,2,4.134211700498967,8.044445939288192
mp-775909,ZrO2,194.576,92.442,239.41161442832424,0.062655081666665,False,2,5.299849538023465,12.869313353635848
mp-776532,HfO2,211.548,106.112,272.7349253789372,0.036980001666666,False,2,9.412302135077686,12.378299182837454
mp-1018721,HfO2,185.839,49.71,136.92162932478297,0.050883971666667,False,2,10.676886282074282,10.912197503017364
mp-2574,ZrO2,167.345,50.773,138.32916521649472,0.02712512333333,False,2,6.042619614291532,11.287393346857714
mp-1022728,Cu3O2,112.469,36.808,99.56263262562965,0.160362494000001,False,2,6.147635985624615,12.0272932531235
mp-1105,BaO2,65.16,35.973,91.14596103744604,0.0,True,2,5.534178952108108,16.935490540783995
mp-1866,KO2,24.246,9.593,25.425743668848916,0.0172468975,False,2,2.39878116699765,16.40548595555816
mp-2697,SrO2,71.147,44.189,109.82895255599117,0.0,True,2,4.7311038520642335,13.99473898063957
mp-2858,ZrO2,183.109,85.963,222.99326402587792,0.0,True,2,5.777331384412114,11.805697110602315
mp-352,HfO2,204.904,100.522,259.18264371100923,0.0,True,2,10.24124328616322,11.376381614199502
mp-430,TiO2,157.994,88.246,223.185338894541,0.039483500833334,False,2,4.555389330254649,9.704277093248924
mp-669426,SiO2,18.076,35.939,64.84301658034535,0.007127133888889,False,2,2.355588157477184,14.118530194113
mp-754531,Al2O3,106.927,57.732,146.77959825950495,0.107274260499998,False,2,3.228543563638121,10.488363001476264
mp-755066,Al2O3,182.223,84.014,218.4671984150516,0.08892886,False,2,3.561892587487244,9.506782147354034
mp-390,TiO2,184.247,47.35,130.84158744257124,0.0,True,2,3.856139057916947,11.463995375804954
mp-754403,ZrO2,169.342,39.788,110.694534027973,0.048185859999998,False,2,4.74826681390781,14.364277978686983
mp-754624,Al2O3,187.289,110.963,277.9890072722679,0.074726125999998,False,2,3.806598544022501,8.895641731038351
mp-753629,Zr2O,153.477,76.375,196.5258452308655,0.008804855277775,False,2,6.854541899733948,16.024881272663276
mp-11684,SiO2,110.695,59.798,152.02000722154315,0.013725869722224,False,2,2.90589968123047,11.444800638181066
mp-21325,KO2,16.347,9.297,23.446167695155815,0.056030107499999,False,2,2.06561693280497,19.051533767298466
mp-32570,Al2O3,197.042,111.213,280.80839525357413,0.039524041499999,False,2,3.695231826720428,9.163738149432842
mp-557837,SiO2,14.613,32.297,55.78969934065356,0.008337957222222,False,2,2.283038293275298,14.5671855895701
mp-558733,SiO2,263.994,193.946,467.3822255945668,0.263691402777778,False,2,4.07667960167212,8.157973099626357
mp-1974948,Na2O,46.967,23.696,60.8539055268322,0.073679147777777,False,2,2.7255985798114413,12.586647900806216
mp-306,B2O3,33.164,36.019,79.33530889743268,0.0,True,2,2.561902772718296,9.025093638769109
mp-553432,TiO2,21.691,18.21,42.68503764273622,0.149662038888887,False,2,2.423853924329048,18.238211422191096
mp-7000,SiO2,29.797,46.637,91.94271915340958,0.0,True,2,2.634242418262655,12.625050107639945
mp-6930,SiO2,33.568,46.226,95.04818152861904,0.000625704444445,False,2,2.632257568520512,12.634570007117247
mp-546546,SiO2,63.433,31.521,81.1254365566676,0.041503442222225,False,2,2.089347715195751,15.917619783608274
mp-775808,MgO,115.534,50.63,132.5305558968059,0.132080626666664,False,2,2.824280819454821,11.848508529118602
mp-1408285,TiO2,86.709,32.379,86.384403735308,0.187470469999999,False,2,3.548799691067656,12.45682038343538
mp-755483,Al2O3,212.651,103.635,267.45683245279054,0.103078483999999,False,2,3.7626576031054073,8.999526513804815
mp-556464,SiO2,134.058,71.266,181.6154039624873,0.245938782500001,False,2,2.666282666738986,12.47333710754395
mp-755175,Al2O3,189.101,125.957,309.21638622306205,0.081900228999999,False,2,3.796290496395147,8.919796020265295
mp-1215,Ti2O,183.19,110.136,275.2473443624888,0.0,True,2,5.09095651040831,12.14818704269804
mp-13061,Y2O3,140.624,43.654,118.6812355571977,0.057234046250002,False,2,5.546597092739123,13.520584037585705
mp-1968,La2O3,116.022,39.07,105.38109568730368,0.0,True,2,6.615226585908185,16.356773217045408
mp-2721,Ce2O3,120.983,47.005,124.8463321128712,0.079304169250001,False,2,7.123829429995266,15.301856264076596
mp-1346,B6O,228.689,207.712,478.3207550322843,0.0,True,2,2.621773527017992,7.316756847032146
mp-25433,TiO2,43.04,30.243,73.51096854351387,0.159018460833333,False,2,3.500432307186349,12.628943070164436
mp-1143,Al2O3,231.003,128.563,325.3347828321802,0.0,True,2,3.873499124580814,8.74200193995937
mp-14024,Zr3O,131.559,52.09,138.04997860182152,0.0,True,2,6.688575555944507,17.978815973350798
mp-458,Ti2O3,214.394,74.827,201.08680885894188,0.0,True,2,4.602205288902889,10.37211155286214
mp-754759,Y2O3,135.891,53.717,142.38911034699493,0.04944110725,False,2,5.155299927103416,14.546822333408633
mp-6922,SiO2,134.073,35.048,96.7164559319592,0.009076502222221,False,2,2.435363186396876,13.656050445371598
mp-1017,Zr3O,132.953,59.206,154.66044745178084,0.007423523749999,False,2,6.699842819825176,17.94858062764473
mp-2133,ZnO,128.167,42.921,115.83283561211168,0.0,True,2,5.70421780686615,11.8492870649751
mp-776911,MgO,115.543,50.224,131.60360306713068,0.138355861249999,False,2,2.816647553146497,11.880618624276998
mp-755264,TiO,234.957,165.923,402.9230022244067,0.080865955,False,2,5.491461420617172,9.656141063373182
mp-2340,Na2O2,49.866,29.996,74.95809895653528,0.0,True,2,2.6929727082185853,12.020738005649603
mp-1008500,BaO,67.199,28.172,74.15348481300785,0.018888297499998,False,2,6.059770600663804,21.007765303297795
mp-545512,CaO,86.059,34.214,90.63139301141278,0.104324420000001,False,2,2.820285472220921,16.508738985920036
mp-7087,SiO2,146.02,54.984,146.55664224693942,0.01920706388889,False,2,1.970699268798964,16.875960250650152
mp-754333,TiO,231.655,156.899,384.0025410218063,0.132330544999998,False,2,5.409794701447449,9.801910987003508
mp-841,Li2O2,72.65,50.633,123.26315161421238,0.0,True,2,2.414495373744071,7.888486931403914
mp-8059,SiO2,19.957,41.802,73.84637638311055,0.00937302763889,False,2,2.247387477681125,14.79826814757906
mp-2589,MgO2,129.089,86.082,211.282063935912,0.014843958333333,False,2,3.321847881193346,9.38179218734984
mp-8484,ZnO2,138.631,62.222,162.37324229108063,0.135488532499999,False,2,5.310802143868639,10.15223017225376
mp-9258,SiO2,310.27,213.805,521.6037673366154,0.5770440263888901,False,2,4.415008882327144,7.532814409357813
mp-2292,La2O3,114.974,39.632,106.6426200533605,0.001785823249997,False,2,5.904323249276039,18.32619192357688
mp-2652,Y2O3,138.413,62.199,162.28777701607328,0.0,True,2,5.026122832858722,14.920692272925162
mp-771359,Cu2O3,161.174,53.715,145.03310957733737,0.01874849,False,2,5.9792570368966365,9.725091779286002
mp-776475,Al2O3,212.727,127.515,318.83796003244106,0.035034444749999,False,2,3.874797934013569,8.739071672426935
mp-1986,ZnO,129.269,40.506,110.02591802256762,0.00806893,False,2,5.708336616549273,11.840737296175584
mp-33032,La2O3,100.901,33.76,91.11777473303157,0.8924609145,False,2,5.659525195442684,19.118876108582484
mp-755300,TiO,208.643,46.453,129.7310747625606,0.112576613333333,False,2,4.661596912023335,11.375141849949316
mp-1021503,SiO2,275.987,133.326,344.5029266576995,0.39713604888889,False,2,3.616399587026764,9.19628534566319
mp-361,Cu2O,111.715,7.888,23.119849343940675,0.0,True,2,6.20494716806907,12.764484711878117
mp-673247,Y2O3,135.747,57.501,151.15977084705062,0.492873679749999,False,2,5.058089909619062,14.826393649585365
mp-1008677,TiO2,246.526,83.386,224.8109921260225,0.308324844166666,False,2,4.678793200786704,9.448325333333331
mp-10197,ZrO,197.527,29.097,83.20543443872874,0.346729603749997,False,2,7.197062628033025,12.36953558387608
mp-10688,CeO,148.033,80.747,204.972479277731,0.0,True,2,8.465653204880008,15.31102883168246
mp-1265,MgO,151.45,118.82,282.56468586981174,0.0,True,2,3.628903381952319,9.2213850455102
mp-1342,BaO,68.281,37.058,94.1427099598596,0.0,True,2,5.859229670745691,21.72678760250196
mp-14549,CuO,179.442,35.321,99.4385709992382,0.171127379999999,False,2,6.965341577708864,9.48182101298842
mp-1565,ZrO2,235.389,103.516,270.8451943736006,0.055672566666665,False,2,6.205968894519971,10.990294278170374
mp-1960,Li2O,78.6,68.452,159.15407228218714,0.0,True,2,1.969302476050398,8.398782930867444
mp-20194,CeO2,170.992,73.939,193.87270284794215,0.0,True,2,6.994759103664203,13.619880499307335
mp-2229,ZnO,166.374,62.567,166.79283112540926,0.147267339999999,False,2,6.619789652587246,10.2104323282059
mp-2352,Na2O,45.868,30.58,75.05940493744944,0.0,True,2,2.494753648201913,13.751317557046228
mp-2472,SrO,84.99,55.772,137.28611040670395,0.0,True,2,4.987595380591106,17.249200128305095
mp-2605,CaO,105.841,74.209,180.45294466880415,0.0,True,2,3.353083748678994,13.885533501816138
mp-2664,TiO,224.438,64.903,177.59045866730244,0.272444019999998,False,2,5.375278809240463,9.864851294856615
mp-550893,HfO2,252.656,116.166,302.18517076786856,0.083579503333334,False,2,10.971726147701109,10.618957332585556
mp-971,K2O,27.218,12.49,32.49888872365737,0.0,True,2,2.413811104778204,21.60016275042653
mp-25262,TiO2,107.79,73.07,178.80621960447985,0.185231633333332,False,2,3.531484643093461,12.517896804358498
mp-8352,SiO2,146.005,53.406,142.80604058434622,0.020551200555557,False,2,1.970734329777291,16.87566001349101
mp-556605,ZrO2,194.099,94.708,244.37715057939008,0.0166609475,False,2,5.984314861505894,11.397365615014268
mp-685097,HfO2,208.48,109.345,279.21937764107867,0.021979467500003,False,2,10.634789518075095,10.955392359127709
mp-2254,Al2O3,201.586,104.324,266.9258573423102,0.020825458749999,False,2,3.782405259976946,8.952540654441345
mp-554089,SiO2,19.96,36.105,67.5720393811533,0.006757618888888,False,2,2.257872049803831,14.729551450502306
mp-697111,H2O,15.606,8.999,22.644455022663347,0.0,True,2,1.039895189271257,9.589131848534878
mp-717,B2O3,168.858,157.964,361.2455059123782,0.005631319333332,False,2,3.098707675229485,7.461630731428222
mp-754401,Al2O3,92.512,45.373,116.99247399112444,0.095123856999999,False,2,2.583435714552006,13.107404481085926
mp-972808,SiO2,25.788,36.205,73.9893004252921,0.007662029722222,False,2,2.246806325836915,14.802095820986503
mp-554573,SiO2,24.084,37.443,73.98691743470532,0.007466217222223,False,2,2.206245804230383,15.074223580376623
mp-760432,Cu2O3,95.16,44.243,114.919113680271,0.0,True,2,5.954172764725702,9.766062516736572
mp-1001790,LiO3,36.573,18.166,46.75658648004066,0.239032397321428,False,2,2.130136214552076,10.706907763048177
mp-22464,NaO3,23.841,12.571,32.075378730943946,0.084816664999999,False,2,2.117359781527774,13.918075859902508
mp-998913,KO3,14.064,5.756,15.195033286059898,0.093251796875,False,2,1.849120022350604,19.553509110549324
mp-990076,P2O5,246.057,160.992,396.5008312130281,0.687677007857144,False,2,3.937857021427678,8.55085922946581
mp-1901,NaO2,32.685,8.992,24.710002895924223,0.000896421666666,False,2,2.326334011099947,13.083628174597363
mp-1228652,B8O,209.358,186.929,432.1649542860578,0.022647236666667,False,2,2.561823317370813,7.381215574960111
mp-1439,TiO2,203.794,80.898,214.33342449297967,0.004523600833332,False,2,4.307081249474625,10.263739587873587
mp-1938,Al2O3,231.614,146.396,362.7585395524216,0.0933559135,False,2,3.953068690720562,8.566038060761354
mp-560203,SiO2,56.961,44.504,105.92529305854116,0.029665876944445,False,2,2.726997283113123,12.19562730486851
mp-776097,HfO2,200.242,96.744,249.9747780291625,0.039298047777778,False,2,9.471347955396345,12.301130987471556
mp-1840,TiO2,190.856,78.901,208.0353221780315,0.0030413275,False,2,4.105159895594103,10.7685842823969
mp-775757,HfO2,217.87,103.555,268.17635607826566,0.00992863875,False,2,10.2455682122362,11.37157934179838
mp-775906,Y2O3,139.432,64.912,168.576037350375,0.058289611500001,False,2,5.24683428475605,14.293043775537242
mp-776404,ZrO2,196.653,89.526,233.1913262279521,0.009497303333333,False,2,5.781420117936309,11.797347890416278
mp-776490,Al2O3,228.207,145.301,359.5860186415108,0.046347576749999,False,2,4.040220639524978,8.381259312980907
mp-2173,P2O5,40.395,33.316,78.39559860453979,0.0,True,2,2.910639625653711,11.56861219067238
mp-2420244,TiO2,56.861,17.976,48.786851987971936,0.016494126666666,False,2,2.588382977784918,17.0789101565843
mp-741,HfO2,224.899,93.323,245.9496424481133,0.139282821666665,False,2,11.603390426384545,10.040883530241922
mp-754741,ZrO2,109.287,49.055,128.01171631079606,0.113545586666663,False,2,5.23135038535135,13.037823775469652
mp-755089,ZrO2,154.271,77.349,198.81881400579823,0.027970261666666,False,2,5.7071390438752285,11.950895870522494
mp-755759,ZrO2,213.895,82.002,218.13071135725804,0.028776015833331,False,2,5.986052159539798,11.394057822107202
mp-755894,Li2O,71.014,44.318,110.0590071028909,0.084359710833333,False,2,2.195570919540326,7.533231504555502
mp-9173,TiO2,100.826,53.487,136.35026577893896,0.057499790000001,False,2,3.873617058742386,11.412269116445133
mp-963,ZrO2,212.032,84.375,223.48130597900536,0.103069525833333,False,2,6.508923782587941,10.47875604480158
mp-1096799,AlO2,121.5,76.989,190.6898507097572,0.295256293333334,False,2,3.34037363811511,9.773273593216013
mp-2672,K2O2,32.413,16.455,42.220374294158,0.0,True,2,2.434651554559929,18.789523116449462
mp-755875,Ti3O4,179.336,93.478,238.92174248043503,0.057754788571429,False,2,4.809434818707178,10.239563288945346
mp-555483,SiO2,119.344,43.519,116.40758913313628,0.013546909722222,False,2,2.435377261571973,13.655971520720293
mp-775910,ZrO2,188.21,98.43,251.45475929780116,0.047335141333332,False,2,6.232379834017383,10.94372073724862
mp-10734,Ti4O5,207.408,90.488,236.99813660496804,0.036609422222221,False,2,4.967927931675921,10.081964059466086
mp-6945,SiO2,12.474,46.397,62.14349493551583,0.005370743055555,False,2,2.309027516318023,14.403224860338169
mp-753197,HfTiO4,182.734,74.28,196.2487809767993,0.03829126375,False,3,6.989656311448525,11.49663481253242
mp-2468835,Li7B18O,129.576,91.595,222.38498568671497,0.02933021409615,False,3,1.804168653851141,9.175029616817788
mp-675334,LiTi2O4,168.606,114.219,279.5350574659254,0.143370717857143,False,3,4.080888444935629,9.688589257191268
mp-3488,Na2Ti3O7,97.103,43.32,113.13579408837847,0.0,True,3,3.456687956033042,12.072714741940706
mp-558636,CaAl2O4,152.027,89.116,223.64822841651733,0.01832663571422,False,3,3.628595404809274,10.331797775626017
mp-4779,Li2B4O7,41.92,40.743,92.31977225635576,0.002735776057699,False,3,2.407235838835364,8.974013053065772
mp-34993,LiAlO2,153.169,123.673,292.33826199972566,0.102801654791666,False,3,3.412033572192316,8.020507107549692
mp-15397,Ti7Al2O15,196.424,85.772,224.62108240648016,0.012502229062491,False,3,4.161113751830011,10.459112789856848
mp-2408760,NaCu2O3,93.317,19.434,54.51743808808057,0.047356875000001,False,3,4.966343087153475,11.038287177245488
mp-3943,BaTi2O5,123.542,64.43,164.66454787429666,0.022967943125062,False,3,4.938200329835688,13.158767475745558
mp-4541,NaCuO2,58.273,31.25,79.53297803163018,0.0,True,3,4.344419879857045,11.32667240249123
mp-5427,Mg2P2O7,117.085,61.45,156.90107764626063,0.0026836325,False,3,3.170600125836908,10.596172626815736
mp-5652,Y2Si2O7,140.631,59.865,157.27787257295157,0.012987350075766,False,3,4.008890788263514,13.028106453595006
mp-754483,Na3(CuO2)2,33.577,21.098,52.332924952187085,0.043347851666666,False,3,3.689375775573421,13.005451399266118
mp-756597,Li2HfO3,95.328,52.736,133.57627737364194,0.029452834166663,False,3,6.403028616030023,10.389461286783243
mp-760539,Li2Ti3O6,106.055,61.957,155.5754381882659,0.064435075454545,False,3,3.7411734262042913,10.228012306370657
mp-8090,Cu2P2O7,80.27,40.766,104.59194455493363,0.002472540454544,False,3,4.160886798919482,10.92164286749467
mp-9158,LiCuO2,81.11,41.021,105.30970452011776,0.0,True,3,4.607173182615962,9.23460373238698
mp-1018097,BaCaO2,80.465,47.51,119.09115228189198,0.19948631,False,3,4.632472302367921,18.765529931865533
mp-37514,SrCuO2,108.889,63.36,159.20144851510278,0.0,True,3,5.768541558326167,13.181507966557415
mp-4826,CaCuO2,120.874,63.044,161.1202776449141,0.015604196666667,False,3,4.832002015729212,11.65184518697328
mp-752398,BaCuO2,98.185,54.904,138.83386365782536,0.077322986249999,False,3,6.156723618315564,15.702049717608496
mp-753619,BaSrO2,75.036,44.502,111.46941377545345,0.053534384999999,False,3,5.325796311770558,20.028391714672267
mp-753657,TiOF,188.024,94.772,243.418312608144,0.003607511111111,False,3,4.2674951475891785,10.74793199920838
mp-1020622,SrZrO3,142.374,89.039,221.03868225999253,0.017242586999996,False,3,5.382536375487199,13.996387922066544
mp-3382,CaSiO3,215.108,144.683,354.5566518727049,0.243730027833334,False,3,4.103785434537042,9.400639676203232
mp-550908,SrHfO3,154.13,99.642,245.9297569177556,0.011285950000001,False,3,7.670305811826364,13.600212319147214
mp-10219,YOF,123.796,47.409,126.12650299787246,0.017664245000002,False,3,5.1442382592606,13.33186413379894
mp-23856,LiHO,14.251,10.119,24.547072571493413,0.0,True,3,1.528160775455243,8.674295442587992
mp-753848,Li(CuO)3,89.756,41.778,108.49982160837943,0.040393398214285,False,3,5.666416653957614,10.280887233618218
mp-7915,ZrSiO,172.699,110.149,272.51044870799024,0.259244659583332,False,3,5.545434285899893,13.505748027704533
mp-778364,Na6Ti2O7,46.367,25.335,64.29474996351165,0.004290940444444,False,3,2.7410646107278103,13.960412950012149
mp-37473,TiOF2,134.531,70.894,180.90478016468316,0.081185492812498,False,3,2.960624496597418,14.28312116841709
mp-19970,Li3CuO3,81.806,35.049,92.00713968488272,0.0,True,3,3.31291605561265,9.478093922899776
mp-1025349,Sr2ZrO4,117.107,66.772,168.32431405452854,0.034574683928567,False,3,4.900873873056585,15.995526250589748
mp-1077929,La2CuO4,124.285,58.378,151.425302724977,0.0,True,3,6.721571458851243,14.305903093694324
mp-19735,La2CuO4,142.568,50.382,135.2178243746941,0.070483897142855,False,3,6.998499442412323,13.739823903525606
mp-3349,Sr3Ti2O7,139.441,83.293,208.3867598262416,0.0,True,3,5.022340116866562,12.965946966620686
mp-5127,LiCuO,69.627,32.616,84.63288607311893,0.0,True,3,4.2894703998712185,11.160200253307565
mp-5380,Ca4P2O,61.778,43.882,106.44317920214992,0.0,True,3,2.598231990220828,21.7531576833332
mp-5532,Sr2TiO4,127.094,75.758,189.601534368983,0.0,True,3,4.987146509547847,13.656489697718376
mp-7469,NaCuO,47.66,22.586,58.51466388026527,0.0,True,3,3.837715995425951,14.78862727143053
mp-754128,Ba3Hf2O7,124.136,71.974,180.95035392072583,0.0,True,3,7.703156572421853,15.825365102319806
mp-754322,Sr2CuO4,104.977,56.612,143.9580918386297,0.0,True,3,5.521676770588147,13.00805682805642
mp-754363,Ba2HfO4,109.181,59.646,151.3728162060389,0.0,True,3,7.319037352570924,16.761256362733217
mp-754364,Y2CuO4,144.406,57.572,152.45559218402985,0.051143206964297,False,3,5.710752019177434,12.684203990262816
mp-754808,La2MgO4,132.923,78.047,195.8159382843696,0.087315924642858,False,3,6.267411872199572,13.857299777187675
mp-755895,Ba3Zr2O7,119.003,67.526,170.35619961133946,0.0,True,3,6.028274898220201,16.21588815236655
mp-755959,NaLiO,38.429,16.356,42.97154057564777,0.104103931666666,False,3,1.630501342546925,15.59210418595453
mp-768305,Sr2HfO4,122.77,72.528,181.7864227675473,0.01861071642857,False,3,6.543251658585134,15.144348825555568
mp-779517,Sr3Hf2O7,135.285,80.788,202.12895535330827,0.021197374999999,False,3,6.768937436561916,14.961013054432351
mp-7911,KCuO,33.195,14.741,38.52096159228872,0.0,True,3,3.359754678548887,19.546317881862148
mp-8298,Sr4P2O,50.236,33.556,82.33552372682671,0.0,True,3,3.837983005071672,26.48041370931291
mp-8335,Ba2ZrO4,105.829,56.479,143.8474214741447,0.0,True,3,5.959897098396696,17.110200197683298
mp-8682,Ca2SiO4,152.578,98.816,243.8133659725092,0.188813411785714,False,3,3.743683366803676,10.913993607859776
mp-14600,CaAl2O4,78.458,44.59,112.4643882070552,0.002287075714218,False,3,2.901042280535811,12.922911942231671
mp-2379939,Ca2SiO4,87.228,43.197,111.22992657463077,0.008240172142857,False,3,2.943806974468659,13.879488937117229
mp-27275,Li3BO3,72.847,42.251,106.21770366038834,0.0,True,3,2.219457518906585,8.511241915962081
mp-2963,CaAl2O4,81.122,43.029,109.6925115382601,0.000748602976124,False,3,2.9398926917337933,12.752136850935766
mp-3397,Ba2TiO4,64.743,30.35,78.74534328677214,0.0,True,3,5.088301343372636,18.019744619081752
mp-3470,MgSiO3,97.725,67.421,164.4456816631355,0.007678037916668,False,3,3.217069600188835,10.363428766688944
mp-3635,LiBO2,62.738,31.277,80.4602823532628,0.0181639975,False,3,2.248286826303503,9.186233049547194
mp-3962,LaPO4,104.626,48.615,126.28529905405068,0.0,True,3,5.066875218931536,12.774527347663788
mp-4180,Ca2SiO4,96.958,48.988,125.78048306665646,0.035158319642857,False,3,3.219774944069816,12.689873374659172
mp-5152,La2SiO5,99.469,44.933,117.15781788606049,0.0,True,3,5.483198857663592,14.608058847096656
mp-559939,Ba(PO3)2,51.839,24.574,63.66239442281958,0.0,True,3,3.869910604182887,14.077526005757717
mp-5733,CaSiO3,92.34,47.273,121.14569040959874,1.4276166666604692e-05,False,3,2.90304391106308,13.28888207013262
mp-752496,TiOF,154.987,66.392,174.28916772089363,0.072182946944444,False,3,4.249252516255022,10.794074364322263
mp-753708,TiOF,135.307,57.512,151.12429554218193,0.043403242777776,False,3,3.9137211916773023,11.719472442436071
mp-754134,HfZrO4,203.819,98.598,254.72014401419605,0.038950065416665,False,3,7.099429191933504,13.00905405670307
mp-766217,Sr4Cu2O7,94.546,53.21,134.41413913694012,0.0,True,3,5.42589449852623,13.879318949520382
mp-1019544,BaZrO3,147.064,90.422,225.12648100313385,0.0,True,3,6.148305055783227,14.938125101812371
mp-3387,CaSiO3,214.891,122.375,308.55379992516765,0.241314701833333,False,3,4.106169037509772,9.39518266932576
mp-3442,CaTiO3,171.657,106.112,263.948310058398,0.017396585500002,False,3,4.016239102380592,11.241312515722097
mp-3721,SrHfO3,154.085,98.02,242.61426138949625,0.004090566999998,False,3,7.693023958111824,13.560049749179663
mp-4651,SrTiO3,168.22,101.114,252.70905274904504,0.0,True,3,5.093987781835845,11.962507795144642
mp-5076,SrZrO3,143.03,87.474,217.9839399958185,0.009295326999996,False,3,5.40852623021807,13.929130396935385
mp-1023125,MgCuO2,126.208,71.609,180.659032207768,0.0796322675,False,3,5.03879471707622,9.874150774080157
mp-1047145,Mg(CuO2)2,60.487,26.547,69.47682541536864,0.037184244642856,False,3,4.5611318706986825,11.202455824378887
mp-1047156,Zn(CuO2)2,63.223,33.875,86.22513744497728,0.0,True,3,5.59259389576237,10.879846601386271
mp-10523,CeSiO4,148.899,56.926,151.47445661933628,0.036410676944445,False,3,4.936797895877379,13.01706372266615
mp-13900,Sr(CuO)2,68.022,26.331,69.965257959088,0.0,True,3,5.610975434093636,14.60255623515541
mp-38280,LiTiO2,170.849,122.647,296.89678385973417,0.0,True,3,4.185257853936155,8.610346583004809
mp-4820,ZrSiO4,202.03,97.007,250.8685400307497,0.0,True,3,4.634255277198486,10.947051990309676
mp-7374,Ba(CuO)2,56.503,21.409,57.02476740275929,0.0,True,3,5.907405636175781,16.664280980517354
mp-755253,LiZrO2,158.131,100.522,248.83817510066703,0.055770417812498,False,3,5.093783945796442,10.60812930314195
mp-755586,NaLaO2,82.441,37.902,98.59622767288982,0.0,True,3,4.92749983542368,16.335293645810502
mp-760408,LiZnO2,94.162,49.385,126.10837744183736,0.079787155,False,3,4.603220267018856,9.410545710484046
mp-555678,Na4Ti5O12,133.543,60.956,158.7188144588754,0.0,True,3,3.72110954050869,11.119805518801384
mp-14142,TiZnO3,169.135,45.719,125.82015530875536,0.028635328499998,False,3,5.007411138147304,10.696230133551444
mp-3771,MgTiO3,161.087,74.471,193.5818453899005,0.0,True,3,3.892898936834596,10.25186191467851
mp-754701,CaTiO3,135.519,52.0,138.3097237638941,0.0283526885,False,3,3.613170410158765,12.495341697913329
mp-755225,Li8ZrO6,93.569,55.213,138.4139877738747,0.000657791,False,3,3.051995079369946,8.805020783057925
mp-15113,Na2Si3O7,101.485,67.825,166.40426862845172,0.093988887847228,False,3,3.1825972284139272,10.5321587536563
mp-2931,Li2TiO3,110.301,71.679,176.75004945824705,0.0,True,3,3.46303787960749,8.770695912352105
mp-3638,Cu2P2O7,80.272,40.718,104.48698084068,0.0,True,3,4.098617069242906,11.087573896789053
mp-36864,Li2TiO3,122.947,87.311,211.79700988486297,0.0049166775,False,3,3.54577750538313,8.566034425138586
mp-4156,Li2ZrO3,100.625,55.316,140.24864148312807,0.0,True,3,4.210744562000371,10.06296715529734
mp-4321,MgSiO3,101.455,71.846,174.37614362684772,0.01926899966667,False,3,3.309471564110922,10.074077082452323
mp-4867,CaAl4O7,113.819,47.283,124.59570405155118,0.0,True,3,2.895907407393032,12.423857213494314
mp-542833,Zn3(BO3)2,90.488,30.787,82.95319619786206,0.018998552651515,False,3,4.045358984435142,11.711569852534762
mp-685194,Li4Ti5O12,108.701,60.558,153.22061553143453,0.004305227976191,False,3,3.500730865162658,10.369805599087616
mp-755352,Li2HfO3,106.444,66.947,166.0327333662974,0.002509409166662,False,3,6.793848791955316,9.791801372320966
mp-768572,YAl3O6,55.637,36.039,88.91804181818182,0.083766724666665,False,3,3.329436099776594,13.258975188732071
mp-990440,Na2ZrO3,80.895,50.952,126.33237078433577,0.0,True,3,4.1521059199963855,12.344527813385971
mp-4236,BaZnO2,82.555,33.339,88.15073915317932,0.0,True,3,5.725287390866139,17.02038164548669
mp-756018,BaMgO2,79.228,40.188,103.1271008809812,0.037724884166666,False,3,4.561553749238541,17.621819536308454
mp-3955,AlPO4,30.491,36.63,78.46785766141308,5.2721111111431205e-05,False,3,2.61430889495698,12.910203286875362
mp-754912,LiCuO2,109.67,25.035,69.79422403931703,0.107009605,False,3,4.380897403701495,9.711576133234992
mp-5730,Ba(BO2)2,47.902,18.109,48.247170299416,0.000457838095236,False,3,3.845530009872251,13.752945019745445
mp-15800,Ti3PO2,181.87,66.326,177.41134134942214,0.312551500879633,False,3,4.905546828851908,11.654272255311383
mp-23879,Ca(HO)2,35.543,21.012,52.659142783274966,0.0,True,3,2.295852152215431,10.717919247741056
mp-30242,Mg4H2O5,88.485,69.588,165.40398581674592,0.013680194545452,False,3,3.15907123274476,8.564749726964406
mp-30244,Mg2H2O3,62.075,34.799,87.96027275318518,0.020161978571425,False,3,2.771696011865488,8.440893604246243
mp-30245,Mg3H4O5,54.791,34.467,85.4774319704285,0.014424476666662,False,3,2.659189077978552,8.167002455036792
mp-30247,Mg(HO)2,51.731,40.488,96.33210455792845,0.0,True,3,2.459022474503965,7.876471901416627
mp-625487,Zn(HO)2,54.605,29.387,74.75126662767465,0.0837181485,False,3,4.022964900820342,8.207722853931507
mp-754375,NaTi2O3,141.836,81.135,204.4255516014235,0.054562383307789,False,3,4.383006959636632,10.52733681843833
mp-25372,LiCuO2,118.564,59.679,153.3136126595261,0.067987817499999,False,3,4.745681709882546,8.965080523487437
mp-25417,LiTiO2,132.322,77.858,195.2743258217782,0.02196384375,False,3,3.904592766987433,9.2292648202176
mp-3637,YOF,131.718,56.884,149.17732670262234,0.0,True,3,5.237683534296327,13.094010948786083
mp-3748,AlCuO2,156.0,81.731,208.73904509660176,0.000369936249986,False,3,5.150013916338868,9.876661269169858
mp-3857,Ba3(PO4)2,66.543,29.566,77.25601798468553,0.0,True,3,5.172931847567438,14.863135916974873
mp-578606,NaCuO2,111.932,57.044,146.2820514000611,0.136693456249999,False,3,4.66641816859011,10.545094541511798
mp-6972,YCuO2,115.991,32.461,89.07367548378956,0.001060203593749,False,3,5.001437741983469,15.309973151005163
mp-7002,NaTiO2,104.141,63.701,158.7374710707107,0.008145459961685,False,3,4.023262100483207,10.61301045899481
mp-754344,LiZnO2,101.841,45.232,118.19717183789254,0.09100078125,False,3,4.590914685401208,9.435769929674006
mp-754777,NaLaO2,63.943,32.067,82.4228285855933,0.044238261249999,False,3,4.884540328037931,16.478962470489332
mp-755581,NaCeO2,64.896,36.388,91.97372653153074,0.072771723624276,False,3,5.211081396293564,15.542779642246588
mp-7748,NaAlO2,133.356,87.199,214.7828369169264,0.065030104375,False,3,3.485224451651478,9.763687268667764
mp-8001,LiAlO2,142.701,96.813,236.87181799945137,0.0,True,3,3.442778640368225,7.948881521479306
mp-8409,KYO2,78.584,46.437,116.38599262196612,0.0,True,3,4.145686844635891,16.02214296468295
mp-3408,CeAlO3,182.218,59.449,160.85401480936412,0.000638455999995,False,3,6.682872899121684,10.68926141185251
mp-3889,NaBO2,45.442,20.982,54.55015889846671,0.0,True,3,2.567521877420574,10.638931289717243
mp-756214,YAlO3,188.656,86.342,224.74042582207844,0.045807479549997,False,3,5.229987875920269,10.406847158327306
mp-779545,Na3CuO2,43.258,16.37,43.60905093606306,0.040401480833326,False,3,3.036731290274455,14.99321018568376
mp-8110,AlBO3,202.44,121.355,303.4328826980479,0.030454673153846,False,3,3.497216426150522,8.146986382228382
mp-9716,TiBO3,178.989,64.066,171.71100998780437,0.076408920183332,False,3,3.701937125617603,9.570124589670453
mp-4202,BaAl2O4,84.0,41.224,106.28510626688129,0.0,True,3,4.048522256479207,14.958373675154514
mp-5492,SrAl2O4,79.915,43.078,109.54980793641256,0.005956748690476,False,3,3.569348743331647,13.662946475538003
mp-559390,CaAl2O4,75.432,42.587,107.52559014887518,0.008775708571362,False,3,2.83901545104858,13.205251812986251
mp-28549,Li8SiO6,77.448,56.475,136.29602692343647,0.0,True,3,2.261978682863211,8.790217106749964
mp-37657,Ca3SiO5,95.423,52.632,133.37443685324033,0.028829847499999,False,3,2.996383091876318,14.058744833145958
mp-545974,AlPO4,121.145,39.099,105.90368812323928,0.018504669722221,False,3,1.939538556999476,17.40169545316763
mp-755000,LiTiO2,129.822,57.795,150.98021604834764,0.054478243749999,False,3,3.859525481287097,9.337034004920094
mp-27579,Na4P2O7,45.175,24.379,61.98651644111468,0.0,True,3,2.657159809242481,12.782338942003951
mp-7339,BaSiO3,57.994,30.968,78.86618066845573,0.0220318505,False,3,4.22550248405267,16.77323849260032
mp-27296,ZrTi2O,114.231,40.626,108.96078058744806,0.354865509999996,False,3,5.357080130139805,15.727723095807397
mp-1412082,AlCuO3,187.703,33.469,94.77400333736745,0.201335969124999,False,3,4.742751582207296,9.700166525182578
mp-1443298,YTiO3,141.445,43.928,119.42127317340896,0.07797280824999,False,3,4.716708575643251,13.009900526231206
mp-2918,YCuO2,115.21,35.776,97.26060061981195,0.00031791609375,False,3,5.001199948022238,15.310701100137324
mp-3098,AlCuO2,178.355,80.28,209.41919508568367,0.0,True,3,5.146334199359751,9.883723250914782
mp-3405,NaAl11O17,152.126,69.533,181.01921127719328,0.0,True,3,3.219771934661843,10.52406930681782
mp-5933,BaTiO3,139.365,73.886,188.36926936202823,0.00261944199997,False,3,5.804935524770896,13.341225116938164
mp-755144,NaLiO,55.978,39.05,95.04825542070884,0.069303446666666,False,3,2.326659196666336,10.92680305081066
mp-764648,LiTiO2,140.834,93.619,229.9124511771465,0.029397316249999,False,3,3.932010695397177,9.164909114773687
mp-7964,YAlO3,171.919,82.453,213.2647995904448,0.102225660549997,False,3,4.496849927381268,12.103513647008224
mp-11737,Li4SiO4,78.989,53.188,130.31449531457324,0.0,True,3,2.447366890408959,9.035143141373
mp-16828,Li3B7O12,64.468,39.327,98.04451200742488,0.0,True,3,2.336922888427131,9.317877857968725
mp-23791,B(HO)3,14.465,6.744,17.51067312870221,0.0,True,3,1.647926780931507,8.900893491831718
mp-2725306,NaCu3O4,45.84,20.876,54.37386398646431,0.054724029374999,False,3,4.320606734596132,13.337472023237266
mp-28017,Na8Ti5O14,74.063,43.59,109.32261589516104,0.0,True,3,3.430266432576733,11.604488943876245
mp-4428,CaSiO3,76.748,39.815,101.83513447061569,0.0229512705,False,3,2.965709943717648,13.008085386183906
mp-4429,CaSiO3,92.549,47.623,121.95145338641744,0.0,True,3,2.902926205593484,13.289420896817726
mp-5065,Al2SiO5,172.073,119.72,291.5455979897443,0.0,True,3,3.677083913881021,9.147296397512022
mp-635713,TiZnO3,65.52,25.095,66.76149692089056,0.095791405499998,False,3,3.613922060579641,14.820580247472666
mp-4051,AlPO4,17.002,30.589,57.3646375635762,0.007731930555554,False,3,2.334921469215768,14.454986916505224
mp-558125,BaTiO3,102.538,53.631,137.0065725532533,0.001296830333302,False,3,5.76628573211291,13.430647599369369
mp-5024,ZrP2O7,131.49,51.345,136.2946209750681,0.0,True,3,2.9118389937425557,15.121739273153986
mp-530399,LiAl5O8,196.082,120.442,299.91840442620725,0.0,True,3,3.637709905389257,8.79843830054593
mp-1009014,LiCuO,97.277,46.923,121.27017847464532,0.4011270175,False,3,4.78665199870624,10.001008775264417
mp-38194,YOF,141.676,65.184,169.5492469706984,0.055881361666669,False,3,5.110313462328682,13.420367664315629
mp-4812,Zn4B6O13,179.033,90.257,231.8154816866341,0.0,True,3,4.257584657950709,9.063604911313575
mp-1016819,HfZnO3,162.57,55.645,149.83918221052534,0.6870288144999971,False,3,7.154294748629557,13.55009042991978
mp-1016821,BaSiO3,175.849,121.468,296.20307232960715,0.561268264999999,False,3,6.273519937114947,11.297542946629182
mp-1016825,HfMgO3,168.944,77.756,202.24104322360364,0.589504466499999,False,3,6.165888288342769,13.5082533695906
mp-1016873,CaHfO3,166.721,93.423,236.15817058859204,0.160086913999998,False,3,6.580037829361946,13.454135079889994
mp-1016876,ZnSiO3,235.713,107.427,279.7777762133455,0.58051383316667,False,3,5.286241207400336,8.88927110097798
mp-1016883,ZrZnO3,149.835,45.061,122.86617845747584,0.7579720910000011,False,3,4.7781155825131,14.223100968458258
mp-1016928,MgSiO3,230.404,135.037,338.9021766223015,0.467255233166669,False,3,3.798717709629779,8.776612053725561
mp-1017000,MgZrO3,157.164,66.663,175.2157158959779,0.667561955,False,3,3.8453875714012353,14.12306556931856
mp-1019541,BaCa3O4,90.795,56.437,140.25149392376423,0.18143897125,False,3,4.005842001344047,16.661934535924264
mp-1432347,YCuO3,182.599,81.28,212.33461162941896,0.222457445806816,False,3,6.15230194191815,10.820507253034677
mp-1436662,YTiO3,188.993,58.897,160.06379297017298,0.302717020249991,False,3,5.200236792322234,11.80021445772232
mp-1475723,TiAlO3,180.192,63.163,169.66471548798404,0.9959165675000012,False,3,3.5446998346849,11.5096802642434
mp-1504314,AlCuO3,160.131,47.974,130.85435189177218,1.290215500125,False,3,4.544378009211107,10.123603283383186
mp-2998,BaTiO3,166.907,106.373,263.2040257340708,0.014779579999968,False,3,6.015663613577288,12.8738833485449
mp-3323,SrZrO3,152.318,88.002,221.3730975051197,0.054908911499996,False,3,5.09297632587517,14.792149481081127
mp-3834,BaZrO3,148.845,91.419,227.6502256605584,7.172199999949669e-05,False,3,6.143794292287296,14.949092648283042
mp-4551,SrHfO3,163.199,99.605,248.30012042559264,0.032957558999999,False,3,7.344257043717289,14.203994627729838
mp-504715,BaTiO3,54.646,3.148,9.266069401386115,3.077492087999968,False,3,3.853397781060053,20.097834696934743
mp-5229,SrTiO3,170.929,108.497,268.6493671444944,0.000470053999999,False,3,5.086511723754529,11.980090061328564
mp-5304,LaAlO3,194.911,129.69,318.4416911409627,0.003053424999999,False,3,6.560522946797748,10.827330306696036
mp-5323,CeAlO3,191.964,48.718,134.7543577080098,0.017115028999995,False,3,6.708320355031181,10.64871258679838
mp-542112,CaZrO3,155.28,81.711,208.55181840595668,0.1918930845,False,3,4.135496361472064,14.398996431142413
mp-5663,BaCeO3,111.403,52.386,135.86212450238622,0.040333896000001,False,3,6.033613517741434,17.913239715873452
mp-5827,CaTiO3,176.478,103.379,259.4717119559807,0.0644675975,False,3,3.836497971925326,11.767971524579286
mp-5893,CaSiO3,216.044,150.17,365.7637677470431,0.244217817833334,False,3,4.10700725534391,9.39326516366317
mp-640266,Ca3Al2O6,64.785,42.746,105.11847900261913,0.5497991470129521,False,3,2.985600490147452,13.66153752476281
mp-754940,Ba3SiO,39.278,26.756,65.41461727643681,0.051504253,False,3,4.746344014997515,31.911519329451107
mp-8020,LaTiO3,183.62,66.054,176.94446765675605,0.067584251749996,False,3,6.282852087570259,12.409837563997788
mp-972066,ZrAlO3,217.28,98.184,255.99284246904097,0.5159898236,False,3,5.572820739004825,9.904779424487977
mp-972839,SiBO3,203.008,53.644,147.90430557684996,1.908972559312498,False,3,3.35776211805348,8.594536417852863
mp-974061,KSiO3,178.452,117.855,289.7733567560865,0.47014077249999,False,3,3.82825280800173,9.992245567970064
mp-975990,NaLiO3,49.933,13.061,36.040612900650856,0.469711004,False,3,2.289246331384625,11.30538868930218
mp-977123,NaTiO3,138.443,68.649,176.73481348945612,0.089884528199994,False,3,3.321188014547365,11.885103696899913
mp-984628,CaBO3,195.881,59.159,161.2442705974935,0.8975609750000011,False,3,3.897366577624401,8.426513417004648
mp-984729,BaSr3O4,79.071,49.114,122.06825708368405,0.044253557499999,False,3,5.097083665801495,18.902884299940407
mp-998552,BaHfO3,159.196,102.329,252.8177434977764,0.0,True,3,8.332451498508037,14.500638923156393
mp-12533,La2Hf2O7,160.548,89.983,227.45481958689848,0.0,True,3,8.0106159059454,14.073013415161777
mp-27719,Al2CuO4,188.445,33.92,96.00001601989136,0.062960076428572,False,3,4.60121013657138,9.357753391991189
mp-3536,MgAl2O4,182.861,98.235,249.9468985325084,0.0,True,3,3.582135921104363,9.421263100722216
mp-5373,Y2Ti2O7,186.139,98.422,251.0227832421644,0.010947579090913,False,3,4.968312031934068,11.714363100871791
mp-558411,Y2Zr2O7,161.026,86.846,220.8367711554524,0.059569627045453,False,3,5.255176748234298,13.565821850723433
mp-561442,Y2Hf2O7,169.817,95.728,241.756861992898,0.000279715795446,False,3,7.574199213523588,12.890842633969475
mp-5639,Mg2SiO4,173.178,116.187,284.85654960902656,0.07170602142857,False,3,3.448250693323899,9.678878187771332
mp-755450,La2Ce2O7,133.226,60.716,158.12662272748994,0.010421526136362,False,3,6.374108830687526,15.868535628909669
mp-3050,Y3Al5O12,170.395,103.015,257.21128024259195,0.0,True,3,4.559870632408558,10.80870522986165
mp-13725,Li3PO4,70.982,43.757,108.89484877854952,0.0,True,3,2.5354446569738043,9.47965188592012
mp-23807,AlHO2,157.945,134.235,313.8055218560364,0.041692816874999,False,3,3.423455784202743,7.274292880679241
mp-5540,SrB4O7,147.126,118.908,281.0174190895364,0.006822391794012,False,3,3.999762976752317,8.402126741647407
mp-3660,LiB3O5,83.932,47.464,119.80797979014903,0.00656846972222,False,3,2.488007023255999,8.852253008858392
mp-3281,Al5BO9,159.267,78.213,201.63296039128508,0.0,True,3,2.9438567640114317,10.89455725837899
mp-4163,Ca3Ti2O7,129.623,65.502,168.17774839063233,0.002560221250003,False,3,3.791381905306774,11.9700572669893
mp-4533,Na2SiO3,61.337,35.839,89.99004178758244,0.0,True,3,2.667359062327591,12.664885097229435
mp-5012,Li2SiO3,76.805,51.443,126.1618138743623,0.0,True,3,2.572720375463253,9.677924382351865
mp-625054,AlHO2,106.355,79.123,190.2019648633309,0.007370145624999,False,3,3.146310424072464,7.915054995149655
mp-626785,KHO,30.922,17.006,43.114234850417226,0.0,True,3,2.310257139360979,13.442314203801194
mp-754718,NaCuO2,59.984,20.992,56.39709148817581,0.099096411249999,False,3,3.41279081808939,14.418645437389994
mp-4117,Li2Si2O5,78.037,49.052,121.66433579245876,0.0,True,3,2.469345038000238,11.21142485193436
mp-5777,BaTiO3,97.867,51.278,130.96134074269526,0.0,True,3,5.905237274567591,13.114621483342678
mp-644497,BaTiO3,22.363,23.855,52.79319454829346,0.714272597999968,False,3,3.471516277603287,22.308681691893888
mp-3094,SrAl2O4,83.129,45.935,116.37052280222946,0.0,True,3,3.555923830251846,13.714529095865126
mp-5724,AlPO4,26.709,29.63,64.8932553732336,0.007523735555555,False,3,2.211096237666642,15.264491302377056
mp-770118,Ba3Ti2O7,86.219,47.62,120.64810292643588,0.03187073125,False,3,5.789035589565231,14.813261746752408
mp-25886,CuPO4,59.509,44.354,106.58225543675772,0.086279063333346,False,3,3.7121196105101113,11.818237734496678
mp-1105595,Zn2SiO5,89.508,31.475,84.5182107273691,0.427653938125001,False,3,3.516061088575354,14.103267949797292
mp-1189355,Zn2SiO5,91.797,31.336,84.40390682267945,0.42665608125,False,3,3.497523320185372,14.178018878057388
mp-753081,Li3(CuO)4,61.32,23.563,62.66268529271454,0.043869513409089,False,3,4.109560342605921,12.452789352514475
mp-25317,Li3(CuO2)2,69.336,33.635,86.85973622244386,0.030003342222222,False,3,3.517247898573539,11.1163033381706
mp-16053,CuSiO3,31.454,19.986,49.47840623360269,0.091200764333335,False,3,3.679809081971686,12.601771806237531
mp-4753,Al2SiO5,142.634,88.811,220.63933666464752,0.002039848749999,False,3,3.156643773660728,10.65542356076076
mp-996987,LiCuO2,78.449,43.139,109.36960098173697,0.021594026249999,False,3,4.492561345610563,9.470192034107084
mp-27226,MgCu2O3,98.437,54.6,138.24070063530442,0.052433773333335,False,3,5.332294341983084,10.349001075879052
mp-3255,SrCu2O3,96.392,42.367,110.85910055709212,0.016868855000002,False,3,5.498802964218518,13.222288351755152
mp-7466,CaCu2O3,77.591,29.185,77.80041081012986,0.031314935555555,False,3,4.689780282794252,12.697652499870758
mp-753059,TiOF,38.582,27.664,66.98272109336865,0.068626112777776,False,3,3.431372776272583,13.366879859396724
mp-754010,ZnCu2O3,90.85,35.895,95.15325827943396,0.096736718333334,False,3,6.08059218685493,10.94625613245868
mp-15960,Li5AlO4,80.916,54.227,132.97579724892668,0.0,True,3,2.309591473156702,9.036378278276958
mp-657338,MgSiO3,67.946,54.694,129.36946573731686,0.133171193791669,False,3,3.023802155026888,11.025811190593922
mp-11649,Ca3SiO,58.542,46.042,109.4362599743761,0.0007115155,False,3,2.608699415699829,20.91907953738241
mp-1340758,YCuO3,118.951,56.266,145.80804246234135,0.023366516806816,False,3,5.958386637879136,11.172659954990827
mp-1345518,CaTi2O4,155.411,86.945,219.83861352946067,0.069206440714289,False,3,4.30243737025234,11.016733676715225
mp-17275,SrY2O4,112.287,62.641,158.4571033511722,0.004161349464283,False,3,5.339589150916533,14.63542838413739
mp-17612,Ba2SiO4,71.162,30.552,80.18125380473532,0.0,True,3,5.376656001946446,16.180563891149568
mp-2719342,Ca2SiO4,99.117,45.967,119.4373736623189,0.042935418571429,False,3,3.052476690777724,13.385372100822224
mp-27425,Sr(HO)2,41.76,25.359,63.26998028399019,0.0,True,3,3.491579366354153,11.569500034266316
mp-2878,Li3PO4,70.849,42.146,105.5153364481945,0.00248538625,False,3,2.485958446003669,9.668356590097376
mp-2895,Mg2SiO4,119.124,74.609,185.1690297582533,0.0,True,3,3.235690304073053,10.314707306681273
mp-29356,NaTi2O4,143.935,77.985,198.16579135526396,0.0,True,3,4.15060229787068,10.443096144925486
mp-3031,BaSi2O5,58.4,34.2,85.84297994269343,0.0,True,3,3.730498523320041,15.217441086653572
mp-3378,SrHfO3,155.349,92.483,231.50819849068088,0.0,True,3,7.701226062859422,13.545607769744496
mp-3792,YAlO3,190.06,111.803,280.4226844657418,0.018835838049996,False,3,5.36466564646124,10.145587451570243
mp-3952,BaY2O4,113.773,59.353,151.6824729978636,0.0,True,3,5.742744149625184,15.661269279557333
mp-4019,CaTiO3,172.274,102.365,256.3255560759512,0.0,True,3,4.02925941391082,11.204986884650031
mp-4355,YTiO3,184.267,77.988,205.03771176098508,0.057953292749992,False,3,5.211419462472947,11.774893543345998
mp-4387,SrZrO3,145.804,82.978,209.24060571494456,0.0,True,3,5.415575897777201,13.910998301560914
mp-4481,Ca2SiO4,89.257,49.717,125.79471482701707,0.0,True,3,2.962860651405768,13.790232191905623
mp-4571,CaZrO3,149.043,85.19,214.66969717406292,0.0,True,3,4.603084505750543,12.93632503931826
mp-557753,K3PO4,36.838,19.669,50.091790771452494,0.0,True,3,2.6360072462373703,16.7145035865927
mp-5637,SrZnO2,92.231,50.077,127.20833027205678,0.0,True,3,5.566117779030704,13.799828826140825
mp-625152,AlHO2,144.446,113.213,269.2859129010833,0.0,True,3,3.410058985226262,7.302870755678092
mp-23891,NaHO,33.109,24.155,58.28971878492412,0.009200603333333,False,3,2.157301407155077,10.262321603930152
mp-28232,MgTi2O5,162.509,72.047,188.31213263482576,0.0,True,3,3.6484799494604223,11.380341859063874
mp-3982,KCuO2,34.178,17.182,44.147963212937285,0.0,True,3,3.24332273163737,17.233879118565042
mp-4391,MgSiO3,199.288,108.878,276.31400111497544,0.26111877616667,False,3,3.959698965653851,8.41979956765026
mp-4673,SrHfO3,154.945,91.224,228.77486763095283,0.003748272000001,False,3,7.688237171096568,13.568492395864606
mp-4930,TiAl2O5,184.787,94.223,241.60427871948735,0.015628173437493,False,3,3.722342478650052,10.139145134685212
mp-5787,SrCuO2,86.243,41.969,108.3339170962228,7.25637499989773e-05,False,3,5.326848344957455,14.274496209090255
mp-5839,TiPO4,102.75,63.424,157.80319312085322,0.071778937178557,False,3,3.386626539042294,11.672809582818047
mp-9172,Li4TiO4,79.937,43.617,110.71421722977264,0.0,True,3,2.6246173708762037,9.815557527121705
mp-997034,BaCuO2,76.627,34.529,90.05969194432889,0.0,True,3,5.800540355348222,16.666237010700343
mp-997041,NaCuO2,48.702,22.051,57.47813185297074,0.012695015,False,3,3.85603629174544,12.761244198699451
mp-36480,La2CuO4,120.072,51.158,134.38814894475587,0.057945182857141,False,3,6.919921389386846,13.895844261344674
mp-2724101,Li2HfO3,124.693,45.772,122.34586070772728,0.0,True,3,6.157419275610841,10.803879831264174
mp-3988,BaCu3O4,77.551,32.974,86.64217141329759,0.013762875624996,False,3,5.385531160011859,15.10689453388744
mp-5938,SrCu2O3,96.447,44.756,116.28131167894357,0.016883948333335,False,3,5.509339820316935,13.1970001404271
mp-603719,AlPO4,233.171,172.168,414.487940602124,0.367495170555554,False,3,4.077208014965226,8.278032213391729
mp-752953,ZrTi2O,133.961,72.906,185.1328611109356,0.119827612499996,False,3,5.532622801807844,15.228703619802094
mp-753315,Mg3ZnO4,155.464,99.01,245.01578657309312,0.033079269999999,False,3,4.290882771181038,9.787115458893872
mp-754478,HfZrO4,204.4,98.032,253.55955187618105,0.039559816249999,False,3,7.102128807366551,13.004109138911042
mp-754534,Li2CeO3,95.497,38.795,102.50442698117963,0.0,True,3,4.468165299205542,12.51157014656502
mp-754631,NaCu2O3,69.185,36.587,93.31227054337228,0.082276670833334,False,3,4.378109997287469,12.521366811407797
mp-867744,LiTi3O4,193.852,81.153,213.6458720252781,0.088450979374998,False,3,4.744328146466423,9.386244377880814
mp-997031,MgCuO2,136.108,63.634,165.16272263209862,0.042674246249999,False,3,5.11881860218575,9.719785486206552
mp-754084,Cu2OF2,24.57,10.449,27.455024061597683,0.030905950999999,False,3,3.802159751787549,15.817538496974038
mp-4711,Li2CuO2,84.8,43.976,112.48385661045124,0.014433391249998,False,3,3.771216695476838,9.636543906424846
mp-5456,Sr2CuO3,96.649,53.877,136.3035260976546,0.0,True,3,5.465340310439675,14.52231519398643
mp-5869,Ca2CuO3,112.399,61.191,155.3768308307479,0.001753907777779,False,3,4.254713841767185,12.46952920978024
mp-755974,Na2CuO2,67.632,24.372,65.27511104070965,0.053557089000001,False,3,3.472454252575158,13.53548101486577
mp-8790,Ba2CuO3,77.113,39.302,100.7839024168548,0.0,True,3,6.18492908079224,17.281178980213813
mp-754352,Na3CuO2,50.896,26.427,67.58371620467298,0.022976159999992,False,3,3.217534537434817,14.1506951931048
mp-8187,K2ZnO2,42.145,9.082,25.420043315598782,0.0,True,3,3.4763287067969992,16.776202198412008
mp-5391,Mg2SiO4,156.143,102.589,252.47363137939607,0.05018273142857,False,3,3.356699049586193,9.942862892547511
mp-5392,Mg2SiO4,111.352,65.679,164.66256913204998,0.342846943571427,False,3,3.076960584529902,10.846807264734307
mp-675755,TiCu3O4,79.739,26.249,70.96057912877731,0.083011841562499,False,3,4.82447029698279,13.014832565199464
mp-773044,LiCuO2,57.048,22.461,59.56559051677384,0.024710698749999,False,3,3.891646758397176,10.932497554187428
mp-3589,BPO4,59.735,60.977,136.48878706564187,0.0,True,3,2.798255934324688,10.462215798035098
mp-540284,CuPO4,43.445,29.816,72.79508139193635,0.049397877500013,False,3,3.412161274279835,12.85716252235322
mp-7848,AlPO4,23.763,24.692,55.019263854304505,0.006733440555554,False,3,2.177671628864191,15.498782663658403
mp-11736,ZrSiO4,222.449,101.928,265.2679926528225,0.079606207499997,False,3,4.98662807025212,10.173494542033062
mp-757031,Mg2TiO4,146.153,71.912,185.33849067443097,0.0,True,3,3.549083421012811,10.726082962286313
mp-3427,LiAlO2,92.356,52.968,133.40124553685052,0.014060453749999,False,3,2.6429246007715683,10.35452903536386
mp-13108,SrHfO3,156.926,91.657,230.160458431641,0.032896416999999,False,3,7.345445368102092,14.201696747569835
mp-5986,BaTiO3,107.183,49.773,129.30387946580058,0.00195657399997,False,3,5.927475120567493,13.065419938509256
mp-760376,KTiO3,52.449,24.293,63.13197540739926,0.089447560500001,False,3,2.851449774143137,15.719173197249455
mp-1019573,CaAl2SiO6,126.05,71.871,181.17833601098616,0.016939515638881,False,4,3.326022740134195,10.889935315026957
mp-24390,CaPHO4,72.678,39.173,99.6206854634594,0.0,True,4,2.9471138769409557,10.951560199523724
mp-6081,Ba2Ti(SiO4)2,81.257,35.951,93.99129729874662,0.0,True,4,4.382018191751484,14.76969415476416
mp-559691,Ca2Al2SiO7,101.962,53.471,136.5441355476587,0.021288508194445,False,4,2.977142404655625,12.744895846685914
mp-6094,Ca2MgSi2O7,86.507,35.75,94.26468312160694,0.022590285555558,False,4,2.865338749063019,13.166247582688364
mp-6564,Sr2MgSi2O7,86.466,43.679,112.15214525021692,0.0,True,4,3.563730007284474,14.278106737924029
mp-754213,Li2ZrCuO4,114.265,58.508,149.9334656855294,0.070019706875,False,4,4.794474943736937,10.072107847114763
mp-1129406,Ca2Mg5(SiO3)8,79.469,53.835,131.75355539244873,0.044703576773511,False,4,2.836202469398492,12.165227013318772
mp-551092,KLiZnO2,58.328,29.535,75.80937379901134,0.0,True,4,3.556775769620358,13.394125970775026
mp-696752,KP(HO2)2,26.171,10.626,28.077916669471268,0.005345232499988,False,4,2.252982120257088,12.53756947617548
mp-6521,LiLaTiO4,122.869,53.816,140.87978859105684,0.028770968035711,False,4,4.862618552069566,12.57227664618078
mp-1019584,CaAl2SiO6,125.948,71.471,180.30705756985637,0.016791177138881,False,4,3.319302729055449,10.911982260405946
mp-6442,LiAl(Si2O5)2,63.864,44.628,108.58988793497588,0.001794143541671,False,4,2.289481016025243,13.88290250785805
mp-1025280,Sr2Cu(OF)2,89.884,45.094,115.9000014742046,0.027470969999982,False,4,4.931293309587092,14.85393930107144
mp-6109,CaTiSiO5,115.567,68.582,171.768032753568,0.0,True,4,3.416464100691664,11.909656895415337
mp-1412249,La2MgTiO6,145.937,73.976,189.84952647878904,0.019938506749999,False,4,5.950654135374233,12.445121160111086
mp-560767,KNaTiO3,58.009,27.905,72.14641713547135,0.0,True,4,2.952355896120697,14.80668227709647
mp-561536,NaMgBO3,97.556,33.187,89.42111904988414,0.005652540833339,False,4,2.839586465745557,10.341281981031122
mp-562517,CaMg(SiO3)2,76.691,49.081,121.35465993322684,0.057778001500007,False,4,2.80032315806842,12.841032223434215
mp-6340,LiAl(SiO3)2,132.634,77.257,194.0869149947702,0.034599064833336,False,4,3.071252837768189,10.061353762428938
mp-6693,CaZn(SiO3)2,97.63,52.483,133.52299574662754,0.038457912499993,False,4,3.694094401343306,11.581869611285596
mp-6766,CaMg(SiO3)2,102.013,65.007,160.85345703497683,0.0,True,4,3.149491306438381,11.417412023102267
mp-9844,BaAl2B2O7,88.056,30.704,82.52069649203722,0.0,True,4,2.934278466072675,15.322398941081298
mp-23764,Mg3Si2H4O9,63.515,35.137,88.99929544669047,0.000256616388888,False,4,2.4962479628454,10.241056588099989
mp-554041,Na2Al2B2O7,61.102,33.783,85.57725077733096,0.0,True,4,2.419133080271955,12.332332473963977
mp-560620,BaZr(PO4)2,65.107,41.188,102.04535152573474,0.006724209999985,False,4,3.837589070192506,15.090315931830132
mp-8891,K2Zr(BO3)2,64.928,34.028,86.90247826162962,0.0,True,4,3.208382124705111,13.505517581802335
mp-6150,Na4Zr2(SiO4)3,91.312,47.588,121.63384103208467,0.0,True,4,3.254625554585447,13.37856231216027
mp-6473,Ca5P3O12F,83.004,46.252,117.02039216430045,0.0,True,4,3.207816307181549,12.431153344105605
mp-6669,Sr5P3O12F,75.339,40.323,102.65469127055644,0.0,True,4,3.985400556712331,14.722075505434477
mp-6326,LiAlSiO4,114.023,45.755,121.07064360379968,0.006199987738094,False,4,2.35355743090992,12.700366005168528
mp-6661,BaTi(SiO3)3,108.915,57.615,146.9357881283172,0.0,True,4,3.659791218868597,13.399315101145184
mp-6097,Li3Al(BO3)2,66.385,39.258,98.38088095028375,0.021378956041668,False,4,2.288395003153186,10.003053511251888
mp-696497,Mg3Si4(HO6)2,54.317,30.348,76.75006515294957,0.0,True,4,2.694251919800752,11.13102470436198
mp-697670,KAlSi3O8,60.988,31.661,80.97132026557951,0.0,True,4,2.456769529306627,14.471173434459333
mp-758658,CaAl2(SiO4)2,84.622,42.222,108.60349205641567,0.002095026730769,False,4,2.78315477341576,12.768411555441055
mp-765294,SrP2(H2O3)2,25.933,16.32,40.47045803716572,0.010152447980772,False,4,2.604214284662213,12.242386875581245
mp-22592,CaTi4(CuO4)3,202.999,107.341,273.7688646016266,0.051267862312508,False,4,4.912970336158257,10.379307225747135
mp-542090,Na4Al3(SiO4)3,24.097,28.081,60.67439836807078,0.023618183849429,False,4,2.079195921625887,16.305168827886146
mp-997590,La8MgAl7O24,183.604,99.276,252.3461998006424,0.024801574437491,False,4,6.290277310096703,11.274834639338604
mp-643409,Ba4Y(CuO3)3,103.322,50.961,131.2967219908735,0.0,True,4,6.095671491555105,15.58916739975585
mp-6008,Ca3Al2(SiO4)3,153.627,97.534,241.49548698011336,0.000915122861096,False,4,3.489873382572991,10.716489178148503
mp-6073,Mg3Al2(SiO4)3,158.13,84.574,215.33261458698595,0.039073025300002,False,4,3.456549647376807,9.683193168722624
mp-1196695,Na2Al2(SiO4)3,46.316,26.647,67.07715853739546,0.217742946151317,False,4,2.202099485214085,14.930282306856803
mp-23959,KP(HO2)2,24.639,16.417,40.30028745544314,0.0,True,4,2.3856601741602037,11.840294844695489
mp-20674,Ba2YCu3O7,107.52,55.659,142.40453578482308,0.031375912660262,False,4,6.198285186087997,13.728866421967997
mp-20897,Ba4Y2Cu6O13,93.404,48.754,124.58542081552498,0.022374550369998,False,4,6.049593917158658,14.453291012142529
mp-7079,CaZrSi2O7,139.562,61.97,161.94100200559234,0.003378347196964,False,4,3.518353883249828,12.848974733100713
mp-23662,LiB(HO)4,41.323,27.904,68.33138825202636,0.008493894875003,False,4,1.81560229638389,7.845512188973373
mp-541431,Ca2SiH2O5,71.587,36.758,94.15811335922932,0.002495432000005,False,4,2.649973028395288,11.921813059851116
mp-556125,Na2BHO3,47.14,18.023,47.95718833689782,0.0,True,4,2.29351880380913,10.942606591709644
mp-6493,CaMgSiO4,100.479,54.985,139.50749486563677,0.0,True,4,2.957136984745377,12.551622589630933
mp-6668,LiTiPO5,97.252,58.853,146.9219204412893,0.0,True,4,3.264174398558595,10.5417969868255
mp-6812,KBaPO4,55.459,26.743,69.11899509631317,0.0,True,4,4.101430917901828,15.697126505246354
mp-1192758,CaAl2(SiO5)2,106.023,64.802,161.50223447061808,0.540179223,False,4,3.154080417531936,10.88768075419814
mp-6174,Mg2Al4Si5O18,123.273,50.367,132.9887733503734,0.0,True,4,2.424741037178116,13.813591266847506
mp-6391,Na2ZnSiO4,77.843,34.457,90.0798036427276,0.0,True,4,3.411351718507767,12.38045182137475
mp-24148,LiLa2HO3,125.243,72.439,182.1912744618089,0.020477670357141,False,4,6.300924520166179,12.565465112293696
mp-24149,LiCe2HO3,123.514,67.366,171.00805903523116,0.034937443749999,False,4,6.776659019551486,11.768095536993853
mp-8874,LiSiBO4,94.759,73.016,174.28359440571185,0.005259894880951,False,4,2.6698841511887,9.758875779188234
mp-6598,K2Cu(PO3)4,34.223,20.176,50.58691222271968,0.0,True,4,2.745949301144008,14.565248348924788
mp-24214,KPH3O4F,19.525,10.781,27.315462613184152,0.00215485450002,False,5,2.358644101205291,10.9892235637157
mp-1019551,BaNa2Mg(PO4)2,82.728,46.497,117.48105355961192,0.004719869285714,False,5,3.723183350404826,12.664937538357837
mp-23915,Ca2Al3Si3HO13,118.621,64.867,164.59795037910297,0.017768746780303,False,5,3.249078338637257,10.55513279897646
