composition,pred_modulus_GPa,pred_hardness_GPa,pred_density_gcc,fitness
SrCaLaPO6,109.2,5.4,4.38,0.0064
Sr2La4Al2P4O21,108.6,5.14,4.37,0.0097
Sr4Ce2Mg2P2O15,109.0,5.16,4.49,0.0136
Sr2LaSiPO8,106.1,5.33,4.43,0.0234
Sr2CaLa2P2O11,108.7,5.05,4.59,0.0249
Sr2CeMg(PO5)2,114.1,5.55,4.27,0.0345
Sr2Ce2Ti4P2O19,117.0,5.07,4.39,0.0384
Ce2Mg2Ti2P2O15,109.9,4.87,3.93,0.0448
LaMgTiPO7,110.2,5.14,3.93,0.045
SrLaSiPO7,105.9,5.17,4.14,0.0459
Sr4Ce2Si2P2O17,117.7,5.5,4.45,0.0463
Sr4Ce4Mg2P2O19,109.3,4.85,4.87,0.0476
Sr2Ca2Ce2P2O13,101.5,5.09,4.43,0.0485
Sr2Ce2Y2P4O19,118.1,5.26,4.34,0.0489
SrCaCeP2O9,113.7,5.37,4.09,0.0493
