showcase,rank,composition,model,n_trials,n_energies,n_converged,best_eV_atom,spread_eV_atom,best_to_second_eV_atom
dentin,1,K5Na2Ca(PO4)3,chgnet,7,7,0,-5.5269,3.46,0.2859
dentin,1,K5Na2Ca(PO4)3,m3gnet,8,8,1,-6.011,1.5259,0.6915
dentin,1,K5Na2Ca(PO4)3,mace,8,8,3,-5.6904,1.3755,0.4178
dentin,1,K5Na2Ca(PO4)3,mattersim,8,8,2,-5.0641,0.6189,0.1867
dentin,1,K5Na2Ca(PO4)3,sevennet,8,7,0,-5.0972,1.0898,0.1353
dentin,2,K8Na2Ca2P4O17,chgnet,7,7,0,-5.3117,1.2609,0.3253
dentin,2,K8Na2Ca2P4O17,m3gnet,8,8,0,-5.3509,0.7977,0.027
dentin,2,K8Na2Ca2P4O17,mace,8,8,0,-5.0854,0.6336,0.0959
dentin,2,K8Na2Ca2P4O17,mattersim,8,8,3,-5.1411,0.7091,0.0021
dentin,2,K8Na2Ca2P4O17,sevennet,8,8,1,-5.1474,0.705,0.0447
dentin,3,K4Na2CaP2O9,chgnet,8,8,3,-5.6329,2.0742,0.7298
dentin,3,K4Na2CaP2O9,m3gnet,8,8,4,-5.3577,1.6129,0.039
dentin,3,K4Na2CaP2O9,mace,8,8,6,-5.2896,1.8019,0.4102
dentin,3,K4Na2CaP2O9,mattersim,8,8,5,-5.2917,1.7417,0.5699
dentin,3,K4Na2CaP2O9,sevennet,8,8,3,-5.2887,1.7726,0.636
dentin,4,K6Na4Ca2P4O17,chgnet,7,7,0,-5.6391,1.6617,0.7613
dentin,4,K6Na4Ca2P4O17,m3gnet,8,8,0,-5.4984,1.0658,0.0646
dentin,4,K6Na4Ca2P4O17,mace,8,8,2,-5.2108,0.8114,0.0082
dentin,4,K6Na4Ca2P4O17,mattersim,8,8,1,-5.3785,0.9147,0.1479
dentin,4,K6Na4Ca2P4O17,sevennet,8,8,0,-5.4964,1.0305,0.2588
dentin,5,K4Ca(PO4)2,chgnet,7,7,2,-6.3752,8.518,0.1517
dentin,5,K4Ca(PO4)2,m3gnet,8,8,2,-6.1226,1.2016,0.1098
dentin,5,K4Ca(PO4)2,mace,8,8,6,-5.9422,1.43,0.4133
dentin,5,K4Ca(PO4)2,mattersim,8,8,4,-5.9685,2.1246,0.3627
dentin,5,K4Ca(PO4)2,sevennet,8,8,5,-5.9549,2.0438,0.0151
dentin,6,K10Na2Ca2P6O23,chgnet,8,8,0,-5.8366,1.03,0.0051
dentin,6,K10Na2Ca2P6O23,m3gnet,8,8,1,-5.2156,0.6679,0.0219
dentin,6,K10Na2Ca2P6O23,mace,8,8,1,-5.4365,1.0235,0.2568
dentin,6,K10Na2Ca2P6O23,mattersim,8,8,1,-5.5724,1.1718,0.066
dentin,6,K10Na2Ca2P6O23,sevennet,8,7,1,-5.2636,0.6587,0.0982
dentin,7,K3NaCa(PO4)2,chgnet,7,7,1,-6.2655,5.2309,0.3087
dentin,7,K3NaCa(PO4)2,m3gnet,8,8,2,-5.5464,1.2603,0.0538
dentin,7,K3NaCa(PO4)2,mace,8,8,4,-5.2186,1.7345,0.0756
dentin,7,K3NaCa(PO4)2,mattersim,8,8,4,-5.9607,2.4495,0.3229
dentin,7,K3NaCa(PO4)2,sevennet,8,7,2,-5.658,2.1889,0.289
dentin,8,K10Ca2Al2P6O25,chgnet,7,7,0,-6.47,3.5542,0.1877
dentin,8,K10Ca2Al2P6O25,m3gnet,8,8,0,-6.141,1.4516,0.3448
dentin,8,K10Ca2Al2P6O25,mace,8,8,0,-5.8658,1.0968,0.0978
dentin,8,K10Ca2Al2P6O25,mattersim,8,8,0,-5.9751,1.2386,0.1531
dentin,8,K10Ca2Al2P6O25,sevennet,8,8,0,-6.0164,1.2341,0.0739
dentin,9,K6Ca2P4O15,chgnet,8,8,0,-6.3472,7.4765,0.5331
dentin,9,K6Ca2P4O15,m3gnet,8,8,0,-5.9628,1.4212,0.1528
dentin,9,K6Ca2P4O15,mace,8,8,2,-5.8743,1.4643,0.5353
dentin,9,K6Ca2P4O15,mattersim,8,8,3,-5.8594,1.6012,0.053
dentin,9,K6Ca2P4O15,sevennet,8,8,1,-7.3636,2.7612,1.4158
dentin,10,K5NaCaP2O9,chgnet,7,7,0,-5.5578,2.3089,0.0357
dentin,10,K5NaCaP2O9,m3gnet,8,8,2,-5.6874,1.2442,0.3639
dentin,10,K5NaCaP2O9,mace,8,8,2,-5.5693,1.1614,0.3826
dentin,10,K5NaCaP2O9,mattersim,8,8,2,-5.6848,1.5174,0.4316
dentin,10,K5NaCaP2O9,sevennet,8,8,1,-5.6334,1.228,0.4594
dentin,11,K6Ca2SiP4O17,chgnet,7,7,0,-6.077,2.4699,0.1133
dentin,11,K6Ca2SiP4O17,m3gnet,8,8,0,-5.9838,4.2794,0.1396
dentin,11,K6Ca2SiP4O17,mace,8,8,3,-5.4619,0.9388,0.1717
dentin,11,K6Ca2SiP4O17,mattersim,8,8,0,-5.7398,1.0032,0.1304
dentin,11,K6Ca2SiP4O17,sevennet,8,8,0,-5.9028,1.0846,0.502
dentin,12,K5Na3Ca(PO5)2,chgnet,8,8,0,-5.3857,5.3996,0.271
dentin,12,K5Na3Ca(PO5)2,m3gnet,8,8,2,-5.0399,1.1168,0.2663
dentin,12,K5Na3Ca(PO5)2,mace,8,8,4,-4.6489,1.5514,0.0445
dentin,12,K5Na3Ca(PO5)2,mattersim,8,8,2,-4.7829,1.5801,0.16
dentin,12,K5Na3Ca(PO5)2,sevennet,8,7,2,-4.811,1.7236,0.1287
dentin,13,K8Na4Ca2P6O23,chgnet,7,7,2,-5.8355,1.0511,0.4387
dentin,13,K8Na4Ca2P6O23,m3gnet,8,8,0,-5.2673,0.6298,0.0561
dentin,13,K8Na4Ca2P6O23,mace,8,8,3,-5.2245,0.6416,0.0934
dentin,13,K8Na4Ca2P6O23,mattersim,8,8,1,-5.2193,0.6667,0.0034
dentin,13,K8Na4Ca2P6O23,sevennet,8,8,1,-5.1994,0.6336,0.0108
dentin,14,K12Ca4Si2P6O29,chgnet,7,7,0,-6.0754,1.8256,0.3964
dentin,14,K12Ca4Si2P6O29,m3gnet,8,8,0,-6.0588,1.4448,0.3981
dentin,14,K12Ca4Si2P6O29,mace,8,8,3,-5.7671,1.3594,0.2679
dentin,14,K12Ca4Si2P6O29,mattersim,8,8,1,-5.7839,1.2067,0.3495
dentin,14,K12Ca4Si2P6O29,sevennet,8,7,0,-5.7618,1.1617,0.4022
dentin,15,K10Ca2Si2P4O21,chgnet,8,8,0,-5.8846,4.4543,0.1012
dentin,15,K10Ca2Si2P4O21,m3gnet,8,8,0,-5.3663,0.5245,0.0531
dentin,15,K10Ca2Si2P4O21,mace,8,8,0,-5.6822,1.1297,0.313
dentin,15,K10Ca2Si2P4O21,mattersim,8,8,0,-5.4732,0.6394,0.0478
dentin,15,K10Ca2Si2P4O21,sevennet,8,6,0,-5.7565,0.8675,0.5218
enamel,1,Sr2Ca4Si4P6O29,chgnet,8,8,0,-7.3789,5.2338,0.4327
enamel,1,Sr2Ca4Si4P6O29,m3gnet,8,8,1,-6.8949,2.5246,0.1223
enamel,1,Sr2Ca4Si4P6O29,mace,8,8,0,-7.0451,2.082,0.2936
enamel,1,Sr2Ca4Si4P6O29,mattersim,8,8,0,-7.1103,1.9475,0.2447
enamel,1,Sr2Ca4Si4P6O29,sevennet,8,6,0,-6.8343,1.6917,0.1383
enamel,2,Sr2Ca6Si6P6O35,chgnet,8,8,0,-7.3722,8.5741,0.393
enamel,2,Sr2Ca6Si6P6O35,m3gnet,8,8,0,-7.1253,0.8883,0.006
enamel,2,Sr2Ca6Si6P6O35,mace,8,8,0,-6.9261,1.037,0.2418
enamel,2,Sr2Ca6Si6P6O35,mattersim,8,8,1,-7.0564,0.8753,0.2958
enamel,2,Sr2Ca6Si6P6O35,sevennet,8,5,0,-6.876,0.748,0.2273
enamel,3,SrCaSiP2O9,chgnet,8,8,2,-7.633,4.5107,0.2507
enamel,3,SrCaSiP2O9,m3gnet,8,8,2,-7.0826,1.2651,0.0442
enamel,3,SrCaSiP2O9,mace,8,8,6,-6.8962,1.5717,0.3916
enamel,3,SrCaSiP2O9,mattersim,8,8,3,-6.9067,1.3985,0.0926
enamel,3,SrCaSiP2O9,sevennet,8,8,2,-6.9082,1.4294,0.1291
enamel,4,Ca2Mg2Al2P4O17,chgnet,8,7,2,-6.6857,4.8248,0.1945
enamel,4,Ca2Mg2Al2P4O17,m3gnet,8,8,2,-6.9474,0.9161,0.1609
enamel,4,Ca2Mg2Al2P4O17,mace,8,8,0,-40.4378,34.708,33.8595
enamel,4,Ca2Mg2Al2P4O17,mattersim,8,8,2,-6.5314,1.0593,0.0142
enamel,4,Ca2Mg2Al2P4O17,sevennet,8,6,2,-6.3694,0.4929,0.0423
enamel,5,Sr2Mg2Al2P4O17,chgnet,8,7,0,-7.0084,5.0436,0.3755
enamel,5,Sr2Mg2Al2P4O17,m3gnet,8,8,3,-6.721,8.2905,0.178
enamel,5,Sr2Mg2Al2P4O17,mace,8,8,2,-6.2663,8.885,0.0476
enamel,5,Sr2Mg2Al2P4O17,mattersim,8,8,2,-6.7167,1.2576,0.009
enamel,5,Sr2Mg2Al2P4O17,sevennet,8,6,2,-6.6445,1.0803,0.1087
enamel,6,Ca6Mg2Si6P6O35,chgnet,8,8,0,-7.1711,5.0109,0.1317
enamel,6,Ca6Mg2Si6P6O35,m3gnet,8,8,0,-6.9701,4.474,0.0436
enamel,6,Ca6Mg2Si6P6O35,mace,8,8,0,-6.7405,1.0894,0.0973
enamel,6,Ca6Mg2Si6P6O35,mattersim,8,8,0,-6.8321,1.2975,0.2117
enamel,6,Ca6Mg2Si6P6O35,sevennet,8,8,0,-6.8427,1.3826,0.2507
enamel,7,Ca2MgSi2(PO6)2,chgnet,8,7,1,-7.6592,1.4112,0.4135
enamel,7,Ca2MgSi2(PO6)2,m3gnet,8,8,2,-7.2302,1.1869,0.4538
enamel,7,Ca2MgSi2(PO6)2,mace,8,8,3,-7.1825,2.0968,0.3604
enamel,7,Ca2MgSi2(PO6)2,mattersim,8,8,3,-6.743,1.6004,0.054
enamel,7,Ca2MgSi2(PO6)2,sevennet,8,7,1,-6.6905,0.5886,0.0032
enamel,8,Ca6Mg2Si4P6O31,chgnet,8,7,1,-7.5512,9.232,0.1873
enamel,8,Ca6Mg2Si4P6O31,m3gnet,8,8,0,-7.1418,6.5214,0.1113
enamel,8,Ca6Mg2Si4P6O31,mace,8,8,2,-6.8656,1.9965,0.0186
enamel,8,Ca6Mg2Si4P6O31,mattersim,8,8,1,-6.9038,1.1436,0.1169
enamel,8,Ca6Mg2Si4P6O31,sevennet,8,7,1,-7.0869,1.3476,0.1077
enamel,9,SrMg2Si(PO5)2,chgnet,8,8,1,-7.1183,9.0393,0.2916
enamel,9,SrMg2Si(PO5)2,m3gnet,8,8,1,-7.021,2.0385,0.0476
enamel,9,SrMg2Si(PO5)2,mace,8,8,4,-6.7388,2.1401,0.1022
enamel,9,SrMg2Si(PO5)2,mattersim,8,8,2,-6.5423,2.0519,0.0041
enamel,9,SrMg2Si(PO5)2,sevennet,8,6,1,-6.866,2.1188,0.1977
enamel,10,Sr2Ca2Al2P4O17,chgnet,8,7,0,-6.5836,1.861,0.1754
enamel,10,Sr2Ca2Al2P4O17,m3gnet,8,8,1,-7.0592,1.4692,0.0717
enamel,10,Sr2Ca2Al2P4O17,mace,8,8,1,-6.6414,1.1979,0.6018
enamel,10,Sr2Ca2Al2P4O17,mattersim,8,8,0,-6.7627,1.4163,0.0266
enamel,10,Sr2Ca2Al2P4O17,sevennet,8,7,0,-6.8964,1.4379,0.1112
enamel,11,Ca4Mg2Si4P6O29,chgnet,7,7,0,-6.8624,6.0439,0.0572
enamel,11,Ca4Mg2Si4P6O29,m3gnet,8,8,0,-6.8918,1.0734,0.2099
enamel,11,Ca4Mg2Si4P6O29,mace,8,8,0,-6.6165,1.1965,0.0911
enamel,11,Ca4Mg2Si4P6O29,mattersim,8,8,2,-6.4768,0.672,0.0019
enamel,11,Ca4Mg2Si4P6O29,sevennet,8,7,1,-6.7685,0.9444,0.2967
enamel,12,SrMgSiP2O9,chgnet,8,8,3,-7.5206,3.3535,0.0235
enamel,12,SrMgSiP2O9,m3gnet,8,8,3,-7.1715,1.0802,0.0767
enamel,12,SrMgSiP2O9,mace,8,8,6,-7.125,1.7711,0.1454
enamel,12,SrMgSiP2O9,mattersim,8,8,4,-7.1411,2.6251,0.0148
enamel,12,SrMgSiP2O9,sevennet,8,8,4,-7.0903,1.3561,0.0389
enamel,13,SrCa2Si2(PO6)2,chgnet,7,7,0,-7.6417,1.8636,0.4039
enamel,13,SrCa2Si2(PO6)2,m3gnet,8,8,3,-6.8988,1.9218,0.0749
enamel,13,SrCa2Si2(PO6)2,mace,8,8,2,-10.0759,4.956,3.0381
enamel,13,SrCa2Si2(PO6)2,mattersim,8,8,0,-7.3065,2.2833,0.3482
enamel,13,SrCa2Si2(PO6)2,sevennet,8,8,1,-7.2635,2.1978,0.3813
enamel,14,SrCa2AlPO7,chgnet,7,7,1,-6.8815,3.3265,0.1833
enamel,14,SrCa2AlPO7,m3gnet,8,8,3,-6.9268,1.0744,0.0549
enamel,14,SrCa2AlPO7,mace,8,8,3,-6.7702,1.8645,0.0905
enamel,14,SrCa2AlPO7,mattersim,8,8,3,-6.917,1.6459,0.2086
enamel,14,SrCa2AlPO7,sevennet,8,7,3,-6.9121,27.4778,0.1045
enamel,15,Sr2Mg2Si4P2O17,chgnet,8,8,0,-7.21,6.2981,0.0855
enamel,15,Sr2Mg2Si4P2O17,m3gnet,8,8,0,-7.0229,1.2592,0.3039
enamel,15,Sr2Mg2Si4P2O17,mace,8,8,2,-6.8851,1.8722,0.3012
enamel,15,Sr2Mg2Si4P2O17,mattersim,8,8,0,-6.7398,1.1654,0.0607
enamel,15,Sr2Mg2Si4P2O17,sevennet,8,8,1,-6.8869,1.5905,0.0597
implant,1,SrCaLaPO6,chgnet,7,7,4,-7.6698,2.6164,0.3537
implant,1,SrCaLaPO6,m3gnet,8,8,3,-7.2854,2.2391,0.7436
implant,1,SrCaLaPO6,mace,8,8,6,-5.783,0.9653,0.0598
implant,1,SrCaLaPO6,mattersim,8,8,7,-6.608,1.6591,0.9211
implant,1,SrCaLaPO6,sevennet,8,8,6,-5.7086,0.8663,0.0105
implant,2,Sr2La4Al2P4O21,chgnet,7,7,0,-8.0133,0.9125,0.2084
implant,2,Sr2La4Al2P4O21,m3gnet,8,8,1,-7.3125,0.5579,0.2643
implant,2,Sr2La4Al2P4O21,mace,8,8,0,-7.4085,1.3099,0.0628
implant,2,Sr2La4Al2P4O21,mattersim,8,8,0,-7.218,0.5868,0.0701
implant,2,Sr2La4Al2P4O21,sevennet,8,8,0,-7.3259,0.734,0.0314
implant,3,Sr4Ce2Mg2P2O15,chgnet,8,8,0,-6.8559,3.2374,0.0856
implant,3,Sr4Ce2Mg2P2O15,m3gnet,8,8,1,-7.0667,1.1264,0.0445
implant,3,Sr4Ce2Mg2P2O15,mace,8,8,3,-6.951,3.3683,0.1567
implant,3,Sr4Ce2Mg2P2O15,mattersim,8,8,3,-7.0169,1.0369,0.1591
implant,3,Sr4Ce2Mg2P2O15,sevennet,8,7,0,-7.0742,0.9542,0.0363
implant,4,Sr2LaSiPO8,chgnet,7,7,1,-7.8923,9.5343,1.0306
implant,4,Sr2LaSiPO8,m3gnet,8,8,1,-6.8981,0.7709,0.0754
implant,4,Sr2LaSiPO8,mace,8,8,5,-7.4079,2.4807,0.2438
implant,4,Sr2LaSiPO8,mattersim,8,8,6,-7.04,1.3712,0.0367
implant,4,Sr2LaSiPO8,sevennet,8,8,3,-7.0667,1.0575,0.0225
implant,5,Sr2CaLa2P2O11,chgnet,7,7,3,-7.7893,4.6266,0.0941
implant,5,Sr2CaLa2P2O11,m3gnet,8,8,5,-7.4091,1.2733,0.3294
implant,5,Sr2CaLa2P2O11,mace,8,8,4,-7.3182,1.3781,0.0055
implant,5,Sr2CaLa2P2O11,mattersim,8,8,2,-7.3352,1.9948,0.3886
implant,5,Sr2CaLa2P2O11,sevennet,8,8,2,-7.3374,1.3041,0.0237
implant,6,Sr2CeMg(PO5)2,chgnet,8,8,0,-7.475,3.0722,0.5038
implant,6,Sr2CeMg(PO5)2,m3gnet,8,8,2,-7.1512,1.5417,0.1247
implant,6,Sr2CeMg(PO5)2,mace,8,8,5,-6.7062,2.3329,0.0381
implant,6,Sr2CeMg(PO5)2,mattersim,8,8,2,-6.7503,2.2105,0.1226
implant,6,Sr2CeMg(PO5)2,sevennet,8,6,1,-7.0924,2.6069,0.2106
implant,7,Sr2Ce2Ti4P2O19,chgnet,7,7,3,-8.5197,3.386,0.07
implant,7,Sr2Ce2Ti4P2O19,m3gnet,8,8,3,-8.0647,0.6988,0.0103
implant,7,Sr2Ce2Ti4P2O19,mace,8,8,2,-7.9799,1.8204,0.0922
implant,7,Sr2Ce2Ti4P2O19,mattersim,8,8,3,-7.8802,0.6288,0.1339
implant,7,Sr2Ce2Ti4P2O19,sevennet,8,7,2,-7.8359,0.4211,0.0314
implant,8,Ce2Mg2Ti2P2O15,chgnet,7,7,1,-8.2281,2.5554,0.1622
implant,8,Ce2Mg2Ti2P2O15,m3gnet,8,8,1,-7.7378,1.1632,0.2671
implant,8,Ce2Mg2Ti2P2O15,mace,8,8,3,-7.5216,1.6458,0.0258
implant,8,Ce2Mg2Ti2P2O15,mattersim,8,8,5,-7.7793,1.0255,0.5438
implant,8,Ce2Mg2Ti2P2O15,sevennet,8,8,1,-7.7823,0.9788,0.2777
implant,9,LaMgTiPO7,chgnet,8,8,3,-8.1883,6.6692,0.0459
implant,9,LaMgTiPO7,m3gnet,8,8,3,-7.7005,1.325,0.1731
implant,9,LaMgTiPO7,mace,8,8,6,-7.3069,2.5286,0.9229
implant,9,LaMgTiPO7,mattersim,8,8,2,-7.7892,2.5251,0.1815
implant,9,LaMgTiPO7,sevennet,8,8,4,-7.7024,2.5301,0.3127
implant,10,SrLaSiPO7,chgnet,7,7,0,-8.0538,1.7595,0.0786
implant,10,SrLaSiPO7,m3gnet,8,8,4,-7.7016,2.5126,0.2429
implant,10,SrLaSiPO7,mace,8,8,0,-7.1817,0.5537,0.0157
implant,10,SrLaSiPO7,mattersim,8,8,2,-7.6113,2.2416,0.5366
implant,10,SrLaSiPO7,sevennet,8,8,4,-7.4849,1.2249,0.3106
implant,11,Sr4Ce2Si2P2O17,chgnet,7,7,1,-7.534,2.9043,0.0242
implant,11,Sr4Ce2Si2P2O17,m3gnet,8,8,0,-7.3851,1.4684,0.355
implant,11,Sr4Ce2Si2P2O17,mace,8,8,3,-6.9255,1.3089,0.0353
implant,11,Sr4Ce2Si2P2O17,mattersim,8,8,2,-7.0722,1.2005,0.0139
implant,11,Sr4Ce2Si2P2O17,sevennet,8,8,0,-7.1098,0.9957,0.297
implant,12,Sr4Ce4Mg2P2O19,chgnet,8,8,1,-7.458,2.5735,0.1434
implant,12,Sr4Ce4Mg2P2O19,m3gnet,8,8,2,-7.1639,5.9014,0.0909
implant,12,Sr4Ce4Mg2P2O19,mace,8,8,2,-7.0284,2.4256,0.1187
implant,12,Sr4Ce4Mg2P2O19,mattersim,8,8,0,-7.089,2.2596,0.0595
implant,12,Sr4Ce4Mg2P2O19,sevennet,8,8,1,-7.0472,2.3239,0.0734
implant,13,Sr2Ca2Ce2P2O13,chgnet,7,7,1,-7.7016,5.4233,0.122
implant,13,Sr2Ca2Ce2P2O13,m3gnet,8,8,3,-7.3586,0.9653,0.1375
implant,13,Sr2Ca2Ce2P2O13,mace,8,8,3,-6.8995,1.6593,0.0063
implant,13,Sr2Ca2Ce2P2O13,mattersim,8,8,2,-7.177,0.7809,0.1559
implant,13,Sr2Ca2Ce2P2O13,sevennet,8,6,1,-7.1994,0.8718,0.3964
implant,14,Sr2Ce2Y2P4O19,chgnet,7,7,0,-8.0176,3.7597,0.0942
implant,14,Sr2Ce2Y2P4O19,m3gnet,8,8,1,-7.8311,1.8576,0.1898
implant,14,Sr2Ce2Y2P4O19,mace,8,8,2,-7.6286,2.0332,0.1491
implant,14,Sr2Ce2Y2P4O19,mattersim,8,8,1,-7.5033,1.2344,0.0883
implant,14,Sr2Ce2Y2P4O19,sevennet,8,6,1,-7.5968,1.4241,0.0646
implant,15,SrCaCeP2O9,chgnet,8,8,3,-7.9057,5.0417,0.0462
implant,15,SrCaCeP2O9,m3gnet,8,8,4,-7.1689,1.2091,0.1213
implant,15,SrCaCeP2O9,mace,8,8,2,-7.2901,1.5085,0.0502
implant,15,SrCaCeP2O9,mattersim,8,8,1,-7.2243,1.3582,0.2975
implant,15,SrCaCeP2O9,sevennet,8,8,2,-163.5393,157.6115,156.191
