formula,material_id,density,vol_per_atom,e_above_hull,K,G,E,E_source,elastic_material_id
Al2O3,mp-aaaaaklc,3.6263095283394695,9.337905823230228,0.017159517999999707,186.365,102.826,260.5575399632282,materials project elastic tensor,mp-aaaaaklc
AlPO4,mp-aaaaafwd,2.614308898609526,12.910203286875362,5.2721111111431185e-05,30.491,36.63,78.46785766141308,materials project elastic tensor,mp-aaaaafwd
Ca11Al14O32,mp-aaaabxhm,2.554711089951157,15.173073147316272,0.0,,,96.31264845463532,surrogate,
Ca19Mg2(PO4)14,mp-aaacrxno,3.1143820024757662,12.53680579928112,0.0,,,122.28146527317654,surrogate,
Ca2P2O7,mp-aaaaaffv,3.1516969028202184,12.170697762863641,0.0036955028409098034,,,103.85218002932383,surrogate,
Ca3(PO4)2,mp-aaabefse,2.9786603562281275,13.30129621718826,0.0033306135622712674,,,113.53314927539431,surrogate,
Ca4P2O9,mp-aaaaahul,3.0796372291864578,13.165604404986615,0.0,,,111.7131526271664,surrogate,
CaO,mp-aaabfazg,2.820285476161245,16.508738985920036,0.10432442000000108,86.059,34.214,90.63139301141278,materials project elastic tensor,mp-aaabfazg
CaSiO3,mp-aaaaaimn,2.903043915119029,13.288882070132619,1.4276166666604695e-05,92.34,47.273,121.14569040959874,materials project elastic tensor,mp-aaaaaimn
CeO2,mp-aaacfyxk,5.962115668676616,15.97885524881083,0.11931447833333308,128.806,47.443,126.76522554919664,materials project elastic tensor,mp-aaacfyxk
K2Ca4Si8O21,mp-aaacgana,2.662193301846587,14.242494950943373,0.0,,,85.77004838920583,surrogate,
K2CaP2O7,mp-aaabfqji,2.65989184569925,15.202349932174663,0.0,,,61.95528334246695,surrogate,
K2Si2O5,mp-aaaabsdd,2.5837733352319656,15.307534417012745,0.0,,,73.92840988532694,surrogate,
K2Si4O9,mp-aaaaamki,3.096627206315877,11.959365495418579,0.03073970966666728,,,142.8910561514977,surrogate,
K3Al(PO4)2,mp-aaacqdpv,2.416394489063999,16.405314954950605,0.0,,,40.29149499098956,surrogate,
K3PO4,mp-aaabftcb,2.636007249920233,16.7145035865927,0.0,36.838,19.669,50.091790771452494,materials project elastic tensor,mp-aaabftcb
KAl11O17,mp-aaabxdec,3.1860705152526436,10.924892222278235,0.0007849975861526914,,,173.87694600283203,surrogate,
KCa10(PO4)7,mp-aaaaakcb,3.006487493979569,13.26378594405679,0.0,,,108.42359176185624,surrogate,
La2O3,mp-aaaaadke,5.904323257525184,18.32619192357688,0.0017858232499978755,114.974,39.632,106.6426200533605,materials project elastic tensor,mp-aaaaadke
LaAlO3,mp-aaaaaeii,6.535048669387797,10.869536345095826,0.0002731970000020567,180.191,101.264,255.86208463519554,materials project elastic tensor,mp-aaaaaeii
LaPO4,mp-aaaaamav,4.0001059388143165,16.18130547838918,0.03490330333333347,104.626,48.615,126.28529905405068,materials project elastic tensor,mp-aaaaafwk
Mg2P2O7,mp-aaaaaiat,3.1706001302666693,10.596172626815736,0.0026836325000001438,117.085,61.45,156.90107764626063,materials project elastic tensor,mp-aaaaaiat
Mg2SiO4,mp-aaackvdb,2.9809514790570213,11.196156228201174,0.045217987857142816,156.143,102.589,252.47363137939607,materials project elastic tensor,mp-aaaaahzj
Mg3(PO4)2,mp-aaabfxil,3.0766681038640598,10.913042329565192,0.0025447073076918514,,,119.1452104487755,surrogate,
MgAlPO5,mp-aaabfpvg,2.809150962531681,11.989146830194512,0.0040852518750007505,,,118.2023976755954,surrogate,
MgO,mp-aaacpvpl,3.596933130494756,9.303346548476627,0.04323758541666578,110.7,48.431,126.80124694177347,materials project elastic tensor,mp-aaabfheo
MgTi2(PO5)2,mp-aaachjni,3.366978701137014,11.243948384545579,0.1330029943333333,,,172.44732087221735,surrogate,
MgTiO3,mp-aaacypah,3.953554881510186,10.094576552012182,0.08290772699999849,161.087,74.471,193.58184538990054,materials project elastic tensor,mp-aaaaafpb
Na2O,mp-aaabqyzg,2.1143110667876255,16.225687024921584,0.07014185166666698,46.967,23.696,60.8539055268322,materials project elastic tensor,mp-aaaeijno
Na3PO4,mp-aaacouff,2.5384257619410255,13.405448533093601,0.0015270881250000201,,,55.85795468052793,surrogate,
NaCaPO4,mp-aaaaavhx,3.022129907142103,12.405165513445334,0.0,,,95.57962516192384,surrogate,
SiO2,mp-aaaaakgo,2.6322575685205125,12.634570007117249,0.0006257044444453186,33.568,46.226,95.04818152861905,materials project elastic tensor,mp-aaaaakgo
Sr10P6O25,mp-aaacrjco,4.083555545905333,14.500478606728187,0.0,,,97.57590265569145,surrogate,
Sr2CeO4,mp-aaaaaxhn,5.495843960743867,16.374229540799302,0.0,,,127.61963791119774,surrogate,
Sr2P2O7,mp-aaaaaiia,3.657753167515611,14.41104627405064,0.0,,,74.06936317681541,surrogate,
Sr3(PO4)2,mp-aaaaagwe,4.525599367502873,12.78023005534946,0.0,,,129.4123435937248,surrogate,
SrLa4Si3O13,mp-aaacridt,5.168883864776129,14.311081254822826,0.0,,,113.63180642933852,surrogate,
SrLaAl3O7,mp-aaacricq,4.161875169982818,13.946828112356833,0.0,,,125.33397797330655,surrogate,
SrMgP2O7,mp-aaaabbij,3.255149428067367,13.257191163459959,0.0,,,94.91941070912749,surrogate,
SrSiO3,mp-aaaabbcj,3.832191560360463,14.186993802115127,0.01701943633333336,,,122.20269401201804,surrogate,
TiO2,mp-aaaaacsu,4.105159901329572,10.7685842823969,0.0030413275000000795,190.856,78.901,208.0353221780315,materials project elastic tensor,mp-aaaaacsu
YPO4,mp-aaacsdaw,3.469594320020656,14.667194790286395,0.028836228888886595,133.65,60.18,156.97853750569254,materials project elastic tensor,mp-aaaaahpk
