showcase,rank,composition,median_spread,max_spread,best_to_second,converged_frac,trials,ehull_median,ehull_min,ehull_max,required_improvement,margin_over_spread
dentin,1,K5Na2Ca(PO4)3,1.3755,3.46,0.2859,0.154,39,0.8886869528985422,0.0357010253623206,0.996811166666668,0.8886869528985422,0.65
dentin,2,K8Na2Ca2P4O17,0.7091,1.2609,0.0447,0.103,39,0.8703691010101,0.6426307449494946,1.047766929292928,0.8703691010101,1.23
dentin,3,K4Na2CaP2O9,1.7726,2.0742,0.5699,0.525,40,0.5657365000000008,0.4825029444444446,0.5683594999999997,0.5657365000000008,0.32
dentin,4,K6Na4Ca2P4O17,1.0305,1.6617,0.1479,0.077,39,0.6437938888888866,0.5084745328282816,0.8115216767676747,0.6437938888888866,0.62
dentin,5,K4Ca(PO4)2,2.0438,8.518,0.1517,0.487,39,0.2249465566666675,0.0493082266666666,0.2528377250000009,0.2249465566666675,0.11
dentin,6,K10Na2Ca2P6O23,1.0235,1.1718,0.066,0.1,40,0.7406407461240292,0.6037572519379824,0.9440490949612554,0.7406407461240292,0.72
dentin,7,K3NaCa(PO4)2,2.1889,5.2309,0.289,0.333,39,0.5504162277777773,0.2474229555555549,0.989648538888888,0.5504162277777773,0.25
dentin,8,K10Ca2Al2P6O25,1.2386,3.5542,0.1531,0.0,39,0.4276706228976046,0.2838147874074037,0.5800562051198259,0.4276706228976046,0.35
dentin,9,K6Ca2P4O15,1.6012,7.4765,0.5331,0.15,40,0.4864400120370336,-0.9569225037037032,0.547210105555556,0.4864400120370336,0.3
dentin,10,K5NaCaP2O9,1.2442,2.3089,0.3826,0.179,39,0.213647629629631,0.1406708888888896,0.6250635694444453,0.213647629629631,0.17
dentin,11,K6Ca2SiP4O17,1.0846,4.2794,0.1396,0.077,39,0.8226634779761861,0.5599878066666673,1.1022592238095186,0.8226634779761861,0.76
dentin,12,K5Na3Ca(PO5)2,1.5801,5.3996,0.16,0.25,40,0.7352900158730158,0.4775411547619033,0.8983879404761899,0.7352900158730158,0.47
dentin,13,K8Na4Ca2P6O23,0.6416,1.0511,0.0561,0.179,39,0.9605894554263594,0.7129623817829689,0.9847535155038792,0.9605894554263594,1.5
dentin,14,K12Ca4Si2P6O29,1.3594,1.8256,0.3964,0.103,39,0.6504578073899427,0.3367503792452906,0.7134766150943443,0.6504578073899427,0.48
dentin,15,K10Ca2Si2P4O21,0.8675,4.4543,0.1012,0.0,40,0.8009970910256508,0.5624698955128107,0.9349860589743644,0.8009970910256508,0.92
enamel,1,Sr2Ca4Si4P6O29,2.082,5.2338,0.2447,0.025,40,0.495040377777757,0.3247358722222033,0.6009617999999826,0.495040377777757,0.24
enamel,2,Sr2Ca6Si6P6O35,0.8883,8.5741,0.2418,0.025,40,0.5211626454545399,0.3013966575757525,0.5725789757575939,0.5211626454545399,0.59
enamel,3,SrCaSiP2O9,1.4294,4.5107,0.1291,0.375,40,0.4883243214285704,0.2022198571428495,0.4996411874999928,0.4883243214285704,0.34
enamel,4,Ca2Mg2Al2P4O17,1.0593,34.708,0.1609,0.2,40,0.7648912570662514,0.2175842724171284,0.9557914234892716,0.7648912570662514,0.72
enamel,5,Sr2Mg2Al2P4O17,5.0436,8.885,0.1087,0.225,40,0.5494633333333327,0.428395601851852,0.927797083333334,0.5494633333333327,0.11
enamel,6,Ca6Mg2Si6P6O35,1.3826,5.0109,0.1317,0.0,40,0.578622093779912,0.4024770038277445,0.6760635636363714,0.578622093779912,0.42
enamel,7,Ca2MgSi2(PO6)2,1.4112,2.0968,0.3604,0.25,40,0.1972555789473675,0.1001591371191326,0.687865844875347,0.1972555789473675,0.14
enamel,8,Ca6Mg2Si4P6O31,1.9965,9.232,0.1113,0.125,40,0.2676335735768065,0.168838677765823,0.489865673469394,0.2676335735768065,0.13
enamel,9,SrMg2Si(PO5)2,2.1188,9.0393,0.1022,0.225,40,0.4168531458333371,0.0750694791666601,0.5979737083333276,0.4168531458333371,0.2
enamel,10,Sr2Ca2Al2P4O17,1.4379,1.861,0.1112,0.05,40,0.5426817736625509,0.213013465020575,1.1496167345679007,0.5426817736625509,0.38
enamel,11,Ca4Mg2Si4P6O29,1.0734,6.0439,0.0911,0.077,39,0.7538393888888839,0.4355826333333334,0.9426769722222428,0.7538393888888839,0.7
enamel,12,SrMgSiP2O9,1.7711,3.3535,0.0389,0.5,40,0.159126589285707,0.069143392857141,0.1972141250000456,0.159126589285707,0.09
enamel,13,SrCa2Si2(PO6)2,2.1978,4.956,0.3813,0.154,39,0.1939914473684271,-2.638699168128654,0.5053984634502999,0.1939914473684271,0.09
enamel,14,SrCa2AlPO7,1.8645,27.4778,0.1045,0.333,39,0.1747285431547611,0.1308368115079359,0.6013259553571517,0.1747285431547611,0.09
enamel,15,Sr2Mg2Si4P2O17,1.5905,6.2981,0.0855,0.075,40,0.4902202006172871,0.3108636373456823,0.6269532561728424,0.4902202006172871,0.31
implant,1,SrCaLaPO6,1.6591,2.6164,0.3537,0.667,39,0.8114445597222186,0.1158058791666567,1.7115343375000007,0.8114445597222186,0.49
implant,2,Sr2La4Al2P4O21,0.734,1.3099,0.0701,0.026,39,0.4501912767676836,0.2074877727272657,0.5705318484848414,0.4501912767676836,0.61
implant,3,Sr4Ce2Mg2P2O15,1.1264,3.3683,0.0856,0.175,40,0.2495799733333328,0.1775124133333321,0.8203323933333353,0.2495799733333328,0.22
implant,4,Sr2LaSiPO8,1.3712,9.5343,0.0754,0.41,39,0.5247183397435897,0.1189000769230812,0.6654519807692347,0.5247183397435897,0.38
implant,5,Sr2CaLa2P2O11,1.3781,4.6266,0.0941,0.41,39,0.1909674756944408,0.1030829807098738,0.2107014509259253,0.1909674756944408,0.14
implant,6,Sr2CeMg(PO5)2,2.3329,3.0722,0.1247,0.25,40,0.3327433229166381,0.1957653020833305,0.6767659166666631,0.3327433229166381,0.14
implant,7,Sr2Ce2Ti4P2O19,0.6988,3.386,0.07,0.333,39,0.2832778362068904,0.1518081293103392,0.430497689655172,0.2832778362068904,0.41
implant,8,Ce2Mg2Ti2P2O15,1.1632,2.5554,0.2671,0.282,39,0.172205467391274,0.1596156413043488,0.4376759239130123,0.172205467391274,0.15
implant,9,LaMgTiPO7,2.5286,6.6692,0.1815,0.45,40,0.1838908787878796,0.1549810454545417,0.6448053787878711,0.1838908787878796,0.07
implant,10,SrLaSiPO7,1.7595,2.5126,0.2429,0.256,39,0.1563653787878749,0.0389066388888892,0.585488969696967,0.1563653787878749,0.09
implant,11,Sr4Ce2Si2P2O17,1.3089,2.9043,0.0353,0.154,39,0.5375158888888887,0.2355576481481485,0.7176847407407401,0.5375158888888887,0.41
implant,12,Sr4Ce4Mg2P2O19,2.4256,5.9014,0.0909,0.15,40,0.5068331559139541,0.3652837526881667,0.5262537634408568,0.5068331559139541,0.21
implant,13,Sr2Ca2Ce2P2O13,0.9653,5.4233,0.1375,0.256,39,0.3636975119047632,0.1776131111111079,0.659759033333331,0.3636975119047632,0.38
implant,14,Sr2Ce2Y2P4O19,1.8576,3.7597,0.0942,0.128,39,0.3931015517241452,0.136896094827593,0.4846549051724143,0.3931015517241452,0.21
implant,15,SrCaCeP2O9,1.5085,157.6115,0.1213,0.3,40,0.3145660982142781,0.1032868928572261,0.3774122410714202,0.3145660982142781,0.21
