pool,target,split,features,n,unit,r2_mean,r2_sd,mae_mean,mae_sd
enamel_implant,youngs_modulus_GPa,random,true,1721,GPa,0.812,0.015,25.48,1.24
enamel_implant,youngs_modulus_GPa,random,design,1721,GPa,0.612,0.018,37.4,1.87
enamel_implant,youngs_modulus_GPa,formula,true,1721,GPa,0.792,0.015,27.21,1.49
enamel_implant,youngs_modulus_GPa,formula,design,1721,GPa,0.601,0.024,38.2,1.4
enamel_implant,youngs_modulus_GPa,chemsys,true,1721,GPa,0.791,0.031,27.34,1.57
enamel_implant,youngs_modulus_GPa,chemsys,design,1721,GPa,0.605,0.028,38.12,1.01
enamel_implant,hardness_GPa,random,true,1553,GPa,0.53,0.046,2.51,0.09
enamel_implant,hardness_GPa,random,design,1553,GPa,0.331,0.059,2.94,0.11
enamel_implant,hardness_GPa,formula,true,1553,GPa,0.515,0.068,2.53,0.32
enamel_implant,hardness_GPa,formula,design,1553,GPa,0.406,0.08,2.85,0.41
enamel_implant,hardness_GPa,chemsys,true,1553,GPa,0.458,0.064,2.6,0.47
enamel_implant,hardness_GPa,chemsys,design,1553,GPa,0.316,0.024,2.94,0.51
enamel_implant,vol_per_atom,random,true,1721,A^3,0.842,0.018,1.08,0.03
enamel_implant,vol_per_atom,formula,true,1721,A^3,0.846,0.021,1.09,0.06
enamel_implant,vol_per_atom,chemsys,true,1721,A^3,0.848,0.025,1.08,0.05
dentin,youngs_modulus_GPa,random,true,531,GPa,0.754,0.067,28.17,2.02
dentin,youngs_modulus_GPa,random,design,531,GPa,0.418,0.108,46.9,3.99
dentin,youngs_modulus_GPa,formula,true,531,GPa,0.715,0.063,31.41,2.78
dentin,youngs_modulus_GPa,formula,design,531,GPa,0.366,0.099,49.46,3.15
dentin,youngs_modulus_GPa,chemsys,true,531,GPa,0.68,0.084,32.72,6.31
dentin,youngs_modulus_GPa,chemsys,design,531,GPa,0.309,0.187,50.42,4.61
dentin,hardness_GPa,random,true,513,GPa,0.516,0.058,3.07,0.11
dentin,hardness_GPa,random,design,513,GPa,0.232,0.117,3.73,0.26
dentin,hardness_GPa,formula,true,513,GPa,0.356,0.146,3.27,0.99
dentin,hardness_GPa,formula,design,513,GPa,0.191,0.151,3.74,1.16
dentin,hardness_GPa,chemsys,true,513,GPa,0.342,0.113,3.33,1.3
dentin,hardness_GPa,chemsys,design,513,GPa,0.114,0.145,3.88,1.38
dentin,vol_per_atom,random,true,531,A^3,0.644,0.048,1.18,0.07
dentin,vol_per_atom,formula,true,531,A^3,0.639,0.105,1.24,0.21
dentin,vol_per_atom,chemsys,true,531,A^3,0.618,0.109,1.31,0.17
