showcase,rank,composition,ad_distance,ad_threshold,in_domain
enamel,1,Sr2Ca4Si4P6O29,5.65,12.87,True
enamel,2,Sr2Ca6Si6P6O35,5.68,12.87,True
enamel,3,SrCaSiP2O9,5.59,12.87,True
enamel,4,Ca2Mg2Al2P4O17,6.04,12.87,True
enamel,5,Sr2Mg2Al2P4O17,6.06,12.87,True
enamel,6,Ca6Mg2Si6P6O35,5.69,12.87,True
enamel,7,Ca2MgSi2(PO6)2,5.65,12.87,True
enamel,8,Ca6Mg2Si4P6O31,5.69,12.87,True
enamel,9,SrMg2Si(PO5)2,5.65,12.87,True
enamel,10,Sr2Ca2Al2P4O17,5.96,12.87,True
enamel,11,Ca4Mg2Si4P6O29,5.85,12.87,True
enamel,12,SrMgSiP2O9,5.67,12.87,True
enamel,13,SrCa2Si2(PO6)2,5.65,12.87,True
enamel,14,SrCa2AlPO7,6.15,12.87,True
enamel,15,Sr2Mg2Si4P2O17,5.78,12.87,True
implant,1,SrCaLaPO6,6.18,12.87,True
implant,2,Sr2La4Al2P4O21,5.94,12.87,True
implant,3,Sr4Ce2Mg2P2O15,8.57,12.87,True
implant,4,Sr2LaSiPO8,5.77,12.87,True
implant,5,Sr2CaLa2P2O11,5.96,12.87,True
implant,6,Sr2CeMg(PO5)2,8.7,12.87,True
implant,7,Sr2Ce2Ti4P2O19,8.57,12.87,True
implant,8,Ce2Mg2Ti2P2O15,8.61,12.87,True
implant,9,LaMgTiPO7,6.05,12.87,True
implant,10,SrLaSiPO7,5.47,12.87,True
implant,11,Sr4Ce2Si2P2O17,8.65,12.87,True
implant,12,Sr4Ce4Mg2P2O19,8.04,12.87,True
implant,13,Sr2Ca2Ce2P2O13,8.41,12.87,True
implant,14,Sr2Ce2Y2P4O19,8.5,12.87,True
implant,15,SrCaCeP2O9,8.63,12.87,True
dentin,1,K5Na2Ca(PO4)3,6.32,14.83,True
dentin,2,K8Na2Ca2P4O17,6.46,14.83,True
dentin,3,K4Na2CaP2O9,6.77,14.83,True
dentin,4,K6Na4Ca2P4O17,6.44,14.83,True
dentin,5,K4Ca(PO4)2,5.81,14.83,True
dentin,6,K10Na2Ca2P6O23,6.15,14.83,True
dentin,7,K3NaCa(PO4)2,6.15,14.83,True
dentin,8,K10Ca2Al2P6O25,6.43,14.83,True
dentin,9,K6Ca2P4O15,5.62,14.83,True
dentin,10,K5NaCaP2O9,6.81,14.83,True
dentin,11,K6Ca2SiP4O17,6.4,14.83,True
dentin,12,K5Na3Ca(PO5)2,7.31,14.83,True
dentin,13,K8Na4Ca2P6O23,6.14,14.83,True
dentin,14,K12Ca4Si2P6O29,6.45,14.83,True
dentin,15,K10Ca2Si2P4O21,6.55,14.83,True
