case,seed,generation,best_fitness,running_best
enamel,42,1,0.20428603401617235,0.20428603401617235
enamel,42,2,0.20428603401617235,0.20428603401617235
enamel,42,3,0.1603667782153485,0.1603667782153485
enamel,42,4,0.1603667782153485,0.1603667782153485
enamel,42,5,0.1603667782153485,0.1603667782153485
enamel,42,6,0.1603667782153485,0.1603667782153485
enamel,42,7,0.1603667782153485,0.1603667782153485
enamel,42,8,0.1603667782153485,0.1603667782153485
enamel,42,9,0.1603667782153485,0.1603667782153485
enamel,42,10,0.1603667782153485,0.1603667782153485
enamel,42,11,0.1603667782153485,0.1603667782153485
enamel,42,12,0.1603667782153485,0.1603667782153485
enamel,42,13,0.1603667782153485,0.1603667782153485
enamel,42,14,0.1603667782153485,0.1603667782153485
enamel,42,15,0.1603667782153485,0.1603667782153485
enamel,42,16,0.1603667782153485,0.1603667782153485
enamel,42,17,0.1603667782153485,0.1603667782153485
enamel,42,18,0.1603667782153485,0.1603667782153485
enamel,42,19,0.1603667782153485,0.1603667782153485
enamel,42,20,0.1603667782153485,0.1603667782153485
enamel,42,21,0.1603667782153485,0.1603667782153485
enamel,42,22,0.1603667782153485,0.1603667782153485
enamel,42,23,0.1603667782153485,0.1603667782153485
enamel,42,24,0.1603667782153485,0.1603667782153485
enamel,42,25,0.1603667782153485,0.1603667782153485
enamel,1,1,0.2685958488052696,0.2685958488052696
enamel,1,2,0.2685958488052696,0.2685958488052696
enamel,1,3,0.2685958488052696,0.2685958488052696
enamel,1,4,0.1581370065266086,0.1581370065266086
enamel,1,5,0.1581370065266086,0.1581370065266086
enamel,1,6,0.15723546711702982,0.15723546711702982
enamel,1,7,0.15723546711702982,0.15723546711702982
enamel,1,8,0.14841064952196645,0.14841064952196645
enamel,1,9,0.14841064952196645,0.14841064952196645
enamel,1,10,0.1409776056542785,0.1409776056542785
enamel,1,11,0.1409776056542785,0.1409776056542785
enamel,1,12,0.08985337496731842,0.08985337496731842
enamel,1,13,0.08985337496731842,0.08985337496731842
enamel,1,14,0.08985337496731842,0.08985337496731842
enamel,1,15,0.08985337496731842,0.08985337496731842
enamel,1,16,0.08985337496731842,0.08985337496731842
enamel,1,17,0.08985337496731842,0.08985337496731842
enamel,1,18,0.08985337496731842,0.08985337496731842
enamel,1,19,0.08985337496731842,0.08985337496731842
enamel,1,20,0.08985337496731842,0.08985337496731842
enamel,1,21,0.08985337496731842,0.08985337496731842
enamel,1,22,0.08985337496731842,0.08985337496731842
enamel,1,23,0.08985337496731842,0.08985337496731842
enamel,1,24,0.08985337496731842,0.08985337496731842
enamel,1,25,0.08985337496731842,0.08985337496731842
enamel,7,1,0.19897026548432634,0.19897026548432634
enamel,7,2,0.19897026548432634,0.19897026548432634
enamel,7,3,0.19897026548432634,0.19897026548432634
enamel,7,4,0.1487409919782216,0.1487409919782216
enamel,7,5,0.1487409919782216,0.1487409919782216
enamel,7,6,0.1487409919782216,0.1487409919782216
enamel,7,7,0.1487409919782216,0.1487409919782216
enamel,7,8,0.1487409919782216,0.1487409919782216
enamel,7,9,0.14421595898171152,0.14421595898171152
enamel,7,10,0.13505222486301027,0.13505222486301027
enamel,7,11,0.13505222486301027,0.13505222486301027
enamel,7,12,0.13505222486301027,0.13505222486301027
enamel,7,13,0.13505222486301027,0.13505222486301027
enamel,7,14,0.13505222486301027,0.13505222486301027
enamel,7,15,0.13505222486301027,0.13505222486301027
enamel,7,16,0.13505222486301027,0.13505222486301027
enamel,7,17,0.13505222486301027,0.13505222486301027
enamel,7,18,0.13505222486301027,0.13505222486301027
enamel,7,19,0.13505222486301027,0.13505222486301027
enamel,7,20,0.13505222486301027,0.13505222486301027
enamel,7,21,0.13505222486301027,0.13505222486301027
enamel,7,22,0.13505222486301027,0.13505222486301027
enamel,7,23,0.13505222486301027,0.13505222486301027
enamel,7,24,0.13505222486301027,0.13505222486301027
enamel,7,25,0.13505222486301027,0.13505222486301027
enamel,13,1,0.21754833955341646,0.21754833955341646
enamel,13,2,0.13505222486301038,0.13505222486301038
enamel,13,3,0.13505222486301038,0.13505222486301038
enamel,13,4,0.12249187582886537,0.12249187582886537
enamel,13,5,0.12061649028962027,0.12061649028962027
enamel,13,6,0.12061649028962027,0.12061649028962027
enamel,13,7,0.12061649028962027,0.12061649028962027
enamel,13,8,0.12061649028962027,0.12061649028962027
enamel,13,9,0.12061649028962027,0.12061649028962027
enamel,13,10,0.12061649028962027,0.12061649028962027
enamel,13,11,0.12061649028962027,0.12061649028962027
enamel,13,12,0.12061649028962027,0.12061649028962027
enamel,13,13,0.12061649028962027,0.12061649028962027
enamel,13,14,0.12061649028962027,0.12061649028962027
enamel,13,15,0.12061649028962027,0.12061649028962027
enamel,13,16,0.12061649028962027,0.12061649028962027
enamel,13,17,0.12061649028962027,0.12061649028962027
enamel,13,18,0.12061649028962027,0.12061649028962027
enamel,13,19,0.12061649028962027,0.12061649028962027
enamel,13,20,0.12061649028962027,0.12061649028962027
enamel,13,21,0.12061649028962027,0.12061649028962027
enamel,13,22,0.12061649028962027,0.12061649028962027
enamel,13,23,0.12061649028962027,0.12061649028962027
enamel,13,24,0.12061649028962027,0.12061649028962027
enamel,13,25,0.12061649028962027,0.12061649028962027
enamel,21,1,0.2989622241370936,0.2989622241370936
enamel,21,2,0.21295430012403535,0.21295430012403535
enamel,21,3,0.19897026548432634,0.19897026548432634
enamel,21,4,0.19897026548432634,0.19897026548432634
enamel,21,5,0.19897026548432634,0.19897026548432634
enamel,21,6,0.19897026548432634,0.19897026548432634
enamel,21,7,0.19897026548432634,0.19897026548432634
enamel,21,8,0.19897026548432634,0.19897026548432634
enamel,21,9,0.19897026548432634,0.19897026548432634
enamel,21,10,0.19897026548432634,0.19897026548432634
enamel,21,11,0.19897026548432634,0.19897026548432634
enamel,21,12,0.19897026548432634,0.19897026548432634
enamel,21,13,0.19897026548432634,0.19897026548432634
enamel,21,14,0.19897026548432634,0.19897026548432634
enamel,21,15,0.19897026548432634,0.19897026548432634
enamel,21,16,0.19897026548432634,0.19897026548432634
enamel,21,17,0.19897026548432634,0.19897026548432634
enamel,21,18,0.19897026548432634,0.19897026548432634
enamel,21,19,0.19897026548432634,0.19897026548432634
enamel,21,20,0.19897026548432634,0.19897026548432634
enamel,21,21,0.19897026548432634,0.19897026548432634
enamel,21,22,0.19897026548432634,0.19897026548432634
enamel,21,23,0.19897026548432634,0.19897026548432634
enamel,21,24,0.19897026548432634,0.19897026548432634
enamel,21,25,0.19897026548432634,0.19897026548432634
dentin,42,1,1.600912128312626,1.600912128312626
dentin,42,2,1.4573157868352258,1.4573157868352258
dentin,42,3,1.3847490248320247,1.3847490248320247
dentin,42,4,1.2264507206405995,1.2264507206405995
dentin,42,5,1.2264507206405995,1.2264507206405995
dentin,42,6,1.2264507206405995,1.2264507206405995
dentin,42,7,1.2264507206405995,1.2264507206405995
dentin,42,8,1.2264507206405995,1.2264507206405995
dentin,42,9,1.2264507206405995,1.2264507206405995
dentin,42,10,1.2264507206405995,1.2264507206405995
dentin,42,11,1.2264507206405995,1.2264507206405995
dentin,42,12,1.2264507206405995,1.2264507206405995
dentin,42,13,1.2264507206405995,1.2264507206405995
dentin,42,14,1.2264507206405995,1.2264507206405995
dentin,42,15,1.2264507206405995,1.2264507206405995
dentin,42,16,1.2264507206405995,1.2264507206405995
dentin,42,17,1.2264507206405995,1.2264507206405995
dentin,42,18,1.2264507206405995,1.2264507206405995
dentin,42,19,1.2264507206405995,1.2264507206405995
dentin,42,20,1.2264507206405995,1.2264507206405995
dentin,42,21,1.2264507206405995,1.2264507206405995
dentin,42,22,1.2264507206405995,1.2264507206405995
dentin,42,23,1.2264507206405995,1.2264507206405995
dentin,42,24,1.2264507206405995,1.2264507206405995
dentin,42,25,1.2264507206405995,1.2264507206405995
dentin,1,1,1.3958126699148168,1.3958126699148168
dentin,1,2,1.386942379665337,1.386942379665337
dentin,1,3,1.3521256459068125,1.3521256459068125
dentin,1,4,1.2462965895657863,1.2462965895657863
dentin,1,5,1.2462965895657863,1.2462965895657863
dentin,1,6,1.2264507206405995,1.2264507206405995
dentin,1,7,1.0650726151660304,1.0650726151660304
dentin,1,8,1.0650726151660304,1.0650726151660304
dentin,1,9,1.0650726151660304,1.0650726151660304
dentin,1,10,1.0650726151660304,1.0650726151660304
dentin,1,11,0.8804412830207184,0.8804412830207184
dentin,1,12,0.8804412830207184,0.8804412830207184
dentin,1,13,0.8804412830207184,0.8804412830207184
dentin,1,14,0.8804412830207184,0.8804412830207184
dentin,1,15,0.8804412830207184,0.8804412830207184
dentin,1,16,0.8804412830207184,0.8804412830207184
dentin,1,17,0.8804412830207184,0.8804412830207184
dentin,1,18,0.8804412830207184,0.8804412830207184
dentin,1,19,0.8804412830207184,0.8804412830207184
dentin,1,20,0.8804412830207184,0.8804412830207184
dentin,1,21,0.8804412830207184,0.8804412830207184
dentin,1,22,0.8804412830207184,0.8804412830207184
dentin,1,23,0.8804412830207184,0.8804412830207184
dentin,1,24,0.8804412830207184,0.8804412830207184
dentin,1,25,0.8804412830207184,0.8804412830207184
dentin,7,1,2.100124659218272,2.100124659218272
dentin,7,2,1.537790966419344,1.537790966419344
dentin,7,3,1.2264507206405995,1.2264507206405995
dentin,7,4,1.2264507206405995,1.2264507206405995
dentin,7,5,1.2264507206405995,1.2264507206405995
dentin,7,6,1.2264507206405995,1.2264507206405995
dentin,7,7,1.2264507206405995,1.2264507206405995
dentin,7,8,1.2264507206405995,1.2264507206405995
dentin,7,9,1.2264507206405995,1.2264507206405995
dentin,7,10,1.2264507206405995,1.2264507206405995
dentin,7,11,1.2264507206405995,1.2264507206405995
dentin,7,12,1.2264507206405995,1.2264507206405995
dentin,7,13,1.2264507206405995,1.2264507206405995
dentin,7,14,1.2264507206405995,1.2264507206405995
dentin,7,15,1.2264507206405995,1.2264507206405995
dentin,7,16,1.2264507206405995,1.2264507206405995
dentin,7,17,1.2264507206405995,1.2264507206405995
dentin,7,18,1.2264507206405995,1.2264507206405995
dentin,7,19,1.2264507206405995,1.2264507206405995
dentin,7,20,1.2264507206405995,1.2264507206405995
dentin,7,21,1.2264507206405995,1.2264507206405995
dentin,7,22,1.2264507206405995,1.2264507206405995
dentin,7,23,1.2264507206405995,1.2264507206405995
dentin,7,24,1.2264507206405995,1.2264507206405995
dentin,7,25,1.2264507206405995,1.2264507206405995
dentin,13,1,1.6712161409892927,1.6712161409892927
dentin,13,2,1.6712161409892927,1.6712161409892927
dentin,13,3,1.4573157868352258,1.4573157868352258
dentin,13,4,1.3958126699148168,1.3958126699148168
dentin,13,5,1.2264507206405995,1.2264507206405995
dentin,13,6,1.2264507206405995,1.2264507206405995
dentin,13,7,1.2264507206405995,1.2264507206405995
dentin,13,8,1.2264507206405995,1.2264507206405995
dentin,13,9,1.099167957117223,1.099167957117223
dentin,13,10,1.099167957117223,1.099167957117223
dentin,13,11,1.099167957117223,1.099167957117223
dentin,13,12,1.099167957117223,1.099167957117223
dentin,13,13,1.099167957117223,1.099167957117223
dentin,13,14,1.099167957117223,1.099167957117223
dentin,13,15,1.0650726151660304,1.0650726151660304
dentin,13,16,1.0650726151660304,1.0650726151660304
dentin,13,17,0.8804412830207184,0.8804412830207184
dentin,13,18,0.808113736858791,0.808113736858791
dentin,13,19,0.8081137368587908,0.8081137368587908
dentin,13,20,0.8081137368587908,0.8081137368587908
dentin,13,21,0.8081137368587908,0.8081137368587908
dentin,13,22,0.8081137368587908,0.8081137368587908
dentin,13,23,0.8081137368587908,0.8081137368587908
dentin,13,24,0.8081137368587908,0.8081137368587908
dentin,13,25,0.8081137368587908,0.8081137368587908
dentin,21,1,1.2264507206405995,1.2264507206405995
dentin,21,2,1.2264507206405995,1.2264507206405995
dentin,21,3,1.2264507206405995,1.2264507206405995
dentin,21,4,1.2264507206405995,1.2264507206405995
dentin,21,5,1.2264507206405995,1.2264507206405995
dentin,21,6,1.2264507206405995,1.2264507206405995
dentin,21,7,1.2264507206405995,1.2264507206405995
dentin,21,8,1.2264507206405995,1.2264507206405995
dentin,21,9,1.2264507206405995,1.2264507206405995
dentin,21,10,1.2264507206405995,1.2264507206405995
dentin,21,11,1.2264507206405995,1.2264507206405995
dentin,21,12,1.2264507206405995,1.2264507206405995
dentin,21,13,1.2264507206405995,1.2264507206405995
dentin,21,14,1.2264507206405995,1.2264507206405995
dentin,21,15,1.2264507206405995,1.2264507206405995
dentin,21,16,1.2264507206405995,1.2264507206405995
dentin,21,17,1.2264507206405995,1.2264507206405995
dentin,21,18,1.2264507206405995,1.2264507206405995
dentin,21,19,1.2264507206405995,1.2264507206405995
dentin,21,20,1.2264507206405995,1.2264507206405995
dentin,21,21,1.2264507206405995,1.2264507206405995
dentin,21,22,1.2264507206405995,1.2264507206405995
dentin,21,23,1.2264507206405995,1.2264507206405995
dentin,21,24,1.2264507206405995,1.2264507206405995
dentin,21,25,1.2264507206405995,1.2264507206405995
implant,42,1,0.05107193518685839,0.05107193518685839
implant,42,2,0.049343013676519894,0.049343013676519894
implant,42,3,0.01360972793694279,0.01360972793694279
implant,42,4,0.006362821651368823,0.006362821651368823
implant,42,5,0.006362821651368823,0.006362821651368823
implant,42,6,0.006362821651368823,0.006362821651368823
implant,42,7,0.006362821651368823,0.006362821651368823
implant,42,8,0.006362821651368823,0.006362821651368823
implant,42,9,0.006362821651368823,0.006362821651368823
implant,42,10,0.006362821651368823,0.006362821651368823
implant,42,11,0.006362821651368823,0.006362821651368823
implant,42,12,0.006362821651368823,0.006362821651368823
implant,42,13,0.006362821651368823,0.006362821651368823
implant,42,14,0.006362821651368823,0.006362821651368823
implant,42,15,0.006362821651368823,0.006362821651368823
implant,42,16,0.006362821651368823,0.006362821651368823
implant,42,17,0.006362821651368823,0.006362821651368823
implant,42,18,0.006362821651368823,0.006362821651368823
implant,42,19,0.006362821651368823,0.006362821651368823
implant,42,20,0.006362821651368823,0.006362821651368823
implant,42,21,0.006362821651368823,0.006362821651368823
implant,42,22,0.006362821651368823,0.006362821651368823
implant,42,23,0.006362821651368823,0.006362821651368823
implant,42,24,0.006362821651368823,0.006362821651368823
implant,42,25,0.006362821651368823,0.006362821651368823
implant,1,1,0.006362821651368823,0.006362821651368823
implant,1,2,0.006362821651368823,0.006362821651368823
implant,1,3,0.006362821651368823,0.006362821651368823
implant,1,4,0.006362821651368823,0.006362821651368823
implant,1,5,0.006362821651368823,0.006362821651368823
implant,1,6,0.006362821651368823,0.006362821651368823
implant,1,7,0.006362821651368823,0.006362821651368823
implant,1,8,0.006362821651368823,0.006362821651368823
implant,1,9,0.006362821651368823,0.006362821651368823
implant,1,10,0.006362821651368823,0.006362821651368823
implant,1,11,0.006362821651368823,0.006362821651368823
implant,1,12,0.006362821651368823,0.006362821651368823
implant,1,13,0.006362821651368823,0.006362821651368823
implant,1,14,0.006362821651368823,0.006362821651368823
implant,1,15,0.006362821651368823,0.006362821651368823
implant,1,16,0.006362821651368823,0.006362821651368823
implant,1,17,0.006362821651368823,0.006362821651368823
implant,1,18,0.006362821651368823,0.006362821651368823
implant,1,19,0.006362821651368823,0.006362821651368823
implant,1,20,0.006362821651368823,0.006362821651368823
implant,1,21,0.006362821651368823,0.006362821651368823
implant,1,22,0.006362821651368823,0.006362821651368823
implant,1,23,0.006362821651368823,0.006362821651368823
implant,1,24,0.006362821651368823,0.006362821651368823
implant,1,25,0.006362821651368823,0.006362821651368823
implant,7,1,0.04589286548036694,0.04589286548036694
implant,7,2,0.04589286548036694,0.04589286548036694
implant,7,3,0.04589286548036694,0.04589286548036694
implant,7,4,0.006362821651368823,0.006362821651368823
implant,7,5,0.006362821651368823,0.006362821651368823
implant,7,6,0.006362821651368823,0.006362821651368823
implant,7,7,0.006362821651368823,0.006362821651368823
implant,7,8,0.006362821651368823,0.006362821651368823
implant,7,9,0.006362821651368823,0.006362821651368823
implant,7,10,0.006362821651368823,0.006362821651368823
implant,7,11,0.006362821651368823,0.006362821651368823
implant,7,12,0.006362821651368823,0.006362821651368823
implant,7,13,0.006362821651368823,0.006362821651368823
implant,7,14,0.006362821651368823,0.006362821651368823
implant,7,15,0.006362821651368823,0.006362821651368823
implant,7,16,0.006362821651368823,0.006362821651368823
implant,7,17,0.006362821651368823,0.006362821651368823
implant,7,18,0.006362821651368823,0.006362821651368823
implant,7,19,0.006362821651368823,0.006362821651368823
implant,7,20,0.006362821651368823,0.006362821651368823
implant,7,21,0.006362821651368823,0.006362821651368823
implant,7,22,0.006362821651368823,0.006362821651368823
implant,7,23,0.006362821651368823,0.006362821651368823
implant,7,24,0.006362821651368823,0.006362821651368823
implant,7,25,0.006362821651368823,0.006362821651368823
implant,13,1,0.07881790071155871,0.07881790071155871
implant,13,2,0.059186890106976926,0.059186890106976926
implant,13,3,0.04477061121672212,0.04477061121672212
implant,13,4,0.01360972793694279,0.01360972793694279
implant,13,5,0.01360972793694279,0.01360972793694279
implant,13,6,0.01360972793694279,0.01360972793694279
implant,13,7,0.01360972793694279,0.01360972793694279
implant,13,8,0.01360972793694279,0.01360972793694279
implant,13,9,0.01360972793694279,0.01360972793694279
implant,13,10,0.01360972793694279,0.01360972793694279
implant,13,11,0.01360972793694279,0.01360972793694279
implant,13,12,0.01360972793694279,0.01360972793694279
implant,13,13,0.01360972793694279,0.01360972793694279
implant,13,14,0.01360972793694279,0.01360972793694279
implant,13,15,0.01360972793694279,0.01360972793694279
implant,13,16,0.01360972793694279,0.01360972793694279
implant,13,17,0.01360972793694279,0.01360972793694279
implant,13,18,0.01360972793694279,0.01360972793694279
implant,13,19,0.01360972793694279,0.01360972793694279
implant,13,20,0.01360972793694279,0.01360972793694279
implant,13,21,0.01360972793694279,0.01360972793694279
implant,13,22,0.01360972793694279,0.01360972793694279
implant,13,23,0.01360972793694279,0.01360972793694279
implant,13,24,0.01360972793694279,0.01360972793694279
implant,13,25,0.01360972793694279,0.01360972793694279
implant,21,1,0.04503101890091158,0.04503101890091158
implant,21,2,0.0450310189009115,0.0450310189009115
implant,21,3,0.04477061121672212,0.04477061121672212
implant,21,4,0.006362821651368823,0.006362821651368823
implant,21,5,0.006362821651368823,0.006362821651368823
implant,21,6,0.006362821651368823,0.006362821651368823
implant,21,7,0.006362821651368823,0.006362821651368823
implant,21,8,0.006362821651368823,0.006362821651368823
implant,21,9,0.006362821651368823,0.006362821651368823
implant,21,10,0.006362821651368823,0.006362821651368823
implant,21,11,0.006362821651368823,0.006362821651368823
implant,21,12,0.006362821651368823,0.006362821651368823
implant,21,13,0.006362821651368823,0.006362821651368823
implant,21,14,0.006362821651368823,0.006362821651368823
implant,21,15,0.006362821651368823,0.006362821651368823
implant,21,16,0.006362821651368823,0.006362821651368823
implant,21,17,0.006362821651368823,0.006362821651368823
implant,21,18,0.006362821651368823,0.006362821651368823
implant,21,19,0.006362821651368823,0.006362821651368823
implant,21,20,0.006362821651368823,0.006362821651368823
implant,21,21,0.006362821651368823,0.006362821651368823
implant,21,22,0.006362821651368823,0.006362821651368823
implant,21,23,0.006362821651368823,0.006362821651368823
implant,21,24,0.006362821651368823,0.006362821651368823
implant,21,25,0.006362821651368823,0.006362821651368823
