showcase,rank,composition,target_E,pred_E_GPa,E_lo_GPa,E_hi_GPa,target_in_interval,conformal_q,split,features
enamel,1,Sr2Ca4Si4P6O29,85.0,95.5,47.3,192.6,True,0.3048,chemsys,design
enamel,2,Sr2Ca6Si6P6O35,85.0,100.2,49.7,202.1,True,0.3048,chemsys,design
enamel,3,SrCaSiP2O9,85.0,96.3,47.7,194.3,True,0.3048,chemsys,design
enamel,4,Ca2Mg2Al2P4O17,85.0,100.7,49.9,203.1,True,0.3048,chemsys,design
enamel,5,Sr2Mg2Al2P4O17,85.0,98.3,48.7,198.3,True,0.3048,chemsys,design
enamel,6,Ca6Mg2Si6P6O35,85.0,104.6,51.9,211.0,True,0.3048,chemsys,design
enamel,7,Ca2MgSi2(PO6)2,85.0,105.0,52.1,211.8,True,0.3048,chemsys,design
enamel,8,Ca6Mg2Si4P6O31,85.0,105.3,52.2,212.4,True,0.3048,chemsys,design
enamel,9,SrMg2Si(PO5)2,85.0,100.9,50.0,203.5,True,0.3048,chemsys,design
enamel,10,Sr2Ca2Al2P4O17,85.0,100.0,49.6,201.7,True,0.3048,chemsys,design
enamel,11,Ca4Mg2Si4P6O29,85.0,105.1,52.1,212.0,True,0.3048,chemsys,design
enamel,12,SrMgSiP2O9,85.0,99.8,49.5,201.3,True,0.3048,chemsys,design
enamel,13,SrCa2Si2(PO6)2,85.0,102.8,51.0,207.4,True,0.3048,chemsys,design
enamel,14,SrCa2AlPO7,85.0,101.4,50.3,204.5,True,0.3048,chemsys,design
enamel,15,Sr2Mg2Si4P2O17,85.0,101.2,50.2,204.1,True,0.3048,chemsys,design
dentin,1,K5Na2Ca(PO4)3,20.0,44.1,21.5,90.4,False,0.3117,chemsys,design
dentin,2,K8Na2Ca2P4O17,20.0,44.3,21.6,90.8,False,0.3117,chemsys,design
dentin,3,K4Na2CaP2O9,20.0,45.2,22.1,92.7,False,0.3117,chemsys,design
dentin,4,K6Na4Ca2P4O17,20.0,44.9,21.9,92.0,False,0.3117,chemsys,design
dentin,5,K4Ca(PO4)2,20.0,45.6,22.2,93.5,False,0.3117,chemsys,design
dentin,6,K10Na2Ca2P6O23,20.0,46.7,22.8,95.7,False,0.3117,chemsys,design
dentin,7,K3NaCa(PO4)2,20.0,46.9,22.9,96.1,False,0.3117,chemsys,design
dentin,8,K10Ca2Al2P6O25,20.0,47.8,23.3,98.0,False,0.3117,chemsys,design
dentin,9,K6Ca2P4O15,20.0,48.4,23.6,99.2,False,0.3117,chemsys,design
dentin,10,K5NaCaP2O9,20.0,49.4,24.1,101.3,False,0.3117,chemsys,design
dentin,11,K6Ca2SiP4O17,20.0,49.7,24.2,101.9,False,0.3117,chemsys,design
dentin,12,K5Na3Ca(PO5)2,20.0,50.1,24.4,102.7,False,0.3117,chemsys,design
dentin,13,K8Na4Ca2P6O23,20.0,50.5,24.6,103.5,False,0.3117,chemsys,design
dentin,14,K12Ca4Si2P6O29,20.0,50.5,24.6,103.5,False,0.3117,chemsys,design
dentin,15,K10Ca2Si2P4O21,20.0,50.9,24.8,104.3,False,0.3117,chemsys,design
implant,1,SrCaLaPO6,110.0,109.2,54.1,220.3,True,0.3048,chemsys,design
implant,2,Sr2La4Al2P4O21,110.0,108.6,53.8,219.1,True,0.3048,chemsys,design
implant,3,Sr4Ce2Mg2P2O15,110.0,109.0,54.0,219.9,True,0.3048,chemsys,design
implant,4,Sr2LaSiPO8,110.0,106.1,52.6,214.0,True,0.3048,chemsys,design
implant,5,Sr2CaLa2P2O11,110.0,108.7,53.9,219.3,True,0.3048,chemsys,design
implant,6,Sr2CeMg(PO5)2,110.0,114.1,56.6,230.2,True,0.3048,chemsys,design
implant,7,Sr2Ce2Ti4P2O19,110.0,117.0,58.0,236.0,True,0.3048,chemsys,design
implant,8,Ce2Mg2Ti2P2O15,110.0,109.9,54.5,221.7,True,0.3048,chemsys,design
implant,9,LaMgTiPO7,110.0,110.2,54.6,222.3,True,0.3048,chemsys,design
implant,10,SrLaSiPO7,110.0,105.9,52.5,213.6,True,0.3048,chemsys,design
implant,11,Sr4Ce2Si2P2O17,110.0,117.7,58.3,237.4,True,0.3048,chemsys,design
implant,12,Sr4Ce4Mg2P2O19,110.0,109.3,54.2,220.5,True,0.3048,chemsys,design
implant,13,Sr2Ca2Ce2P2O13,110.0,101.5,50.3,204.8,True,0.3048,chemsys,design
implant,14,Sr2Ce2Y2P4O19,110.0,118.1,58.5,238.2,True,0.3048,chemsys,design
implant,15,SrCaCeP2O9,110.0,113.7,56.4,229.4,True,0.3048,chemsys,design
