showcase,rank,composition,reduced_formula,chemsys,formula_in_training,chemsys_in_training,n_training_same_chemsys
enamel,1,Sr2Ca4Si4P6O29,Sr2Ca4Si4P6O29,Ca-O-P-Si-Sr,False,False,0
enamel,2,Sr2Ca6Si6P6O35,Sr2Ca6Si6P6O35,Ca-O-P-Si-Sr,False,False,0
enamel,3,SrCaSiP2O9,SrCaSiP2O9,Ca-O-P-Si-Sr,False,False,0
enamel,4,Ca2Mg2Al2P4O17,Ca2Mg2Al2P4O17,Al-Ca-Mg-O-P,False,False,0
enamel,5,Sr2Mg2Al2P4O17,Sr2Mg2Al2P4O17,Al-Mg-O-P-Sr,False,False,0
enamel,6,Ca6Mg2Si6P6O35,Ca6Mg2Si6P6O35,Ca-Mg-O-P-Si,False,False,0
enamel,7,Ca2MgSi2(PO6)2,Ca2MgSi2(PO6)2,Ca-Mg-O-P-Si,False,False,0
enamel,8,Ca6Mg2Si4P6O31,Ca6Mg2Si4P6O31,Ca-Mg-O-P-Si,False,False,0
enamel,9,SrMg2Si(PO5)2,SrMg2Si(PO5)2,Mg-O-P-Si-Sr,False,False,0
enamel,10,Sr2Ca2Al2P4O17,Sr2Ca2Al2P4O17,Al-Ca-O-P-Sr,False,False,0
enamel,11,Ca4Mg2Si4P6O29,Ca4Mg2Si4P6O29,Ca-Mg-O-P-Si,False,False,0
enamel,12,SrMgSiP2O9,SrMgSiP2O9,Mg-O-P-Si-Sr,False,False,0
enamel,13,SrCa2Si2(PO6)2,SrCa2Si2(PO6)2,Ca-O-P-Si-Sr,False,False,0
enamel,14,SrCa2AlPO7,SrCa2AlPO7,Al-Ca-O-P-Sr,False,False,0
enamel,15,Sr2Mg2Si4P2O17,Sr2Mg2Si4P2O17,Mg-O-P-Si-Sr,False,False,0
dentin,1,K5Na2Ca(PO4)3,K5Na2Ca(PO4)3,Ca-K-Na-O-P,False,False,0
dentin,2,K8Na2Ca2P4O17,K8Na2Ca2P4O17,Ca-K-Na-O-P,False,False,0
dentin,3,K4Na2CaP2O9,K4Na2CaP2O9,Ca-K-Na-O-P,False,False,0
dentin,4,K6Na4Ca2P4O17,K6Na4Ca2P4O17,Ca-K-Na-O-P,False,False,0
dentin,5,K4Ca(PO4)2,K4Ca(PO4)2,Ca-K-O-P,False,False,0
dentin,6,K10Na2Ca2P6O23,K10Na2Ca2P6O23,Ca-K-Na-O-P,False,False,0
dentin,7,K3NaCa(PO4)2,K3NaCa(PO4)2,Ca-K-Na-O-P,False,False,0
dentin,8,K10Ca2Al2P6O25,K10Ca2Al2P6O25,Al-Ca-K-O-P,False,False,0
dentin,9,K6Ca2P4O15,K6Ca2P4O15,Ca-K-O-P,False,False,0
dentin,10,K5NaCaP2O9,K5NaCaP2O9,Ca-K-Na-O-P,False,False,0
dentin,11,K6Ca2SiP4O17,K6Ca2SiP4O17,Ca-K-O-P-Si,False,False,0
dentin,12,K5Na3Ca(PO5)2,K5Na3Ca(PO5)2,Ca-K-Na-O-P,False,False,0
dentin,13,K8Na4Ca2P6O23,K8Na4Ca2P6O23,Ca-K-Na-O-P,False,False,0
dentin,14,K12Ca4Si2P6O29,K12Ca4Si2P6O29,Ca-K-O-P-Si,False,False,0
dentin,15,K10Ca2Si2P4O21,K10Ca2Si2P4O21,Ca-K-O-P-Si,False,False,0
implant,1,SrCaLaPO6,SrCaLaPO6,Ca-La-O-P-Sr,False,False,0
implant,2,Sr2La4Al2P4O21,Sr2La4Al2P4O21,Al-La-O-P-Sr,False,False,0
implant,3,Sr4Ce2Mg2P2O15,Sr4Ce2Mg2P2O15,Ce-Mg-O-P-Sr,False,False,0
implant,4,Sr2LaSiPO8,Sr2LaSiPO8,La-O-P-Si-Sr,False,False,0
implant,5,Sr2CaLa2P2O11,Sr2CaLa2P2O11,Ca-La-O-P-Sr,False,False,0
implant,6,Sr2CeMg(PO5)2,Sr2CeMg(PO5)2,Ce-Mg-O-P-Sr,False,False,0
implant,7,Sr2Ce2Ti4P2O19,Sr2Ce2Ti4P2O19,Ce-O-P-Sr-Ti,False,False,0
implant,8,Ce2Mg2Ti2P2O15,Ce2Mg2Ti2P2O15,Ce-Mg-O-P-Ti,False,False,0
implant,9,LaMgTiPO7,LaMgTiPO7,La-Mg-O-P-Ti,False,False,0
implant,10,SrLaSiPO7,SrLaSiPO7,La-O-P-Si-Sr,False,False,0
implant,11,Sr4Ce2Si2P2O17,Sr4Ce2Si2P2O17,Ce-O-P-Si-Sr,False,False,0
implant,12,Sr4Ce4Mg2P2O19,Sr4Ce4Mg2P2O19,Ce-Mg-O-P-Sr,False,False,0
implant,13,Sr2Ca2Ce2P2O13,Sr2Ca2Ce2P2O13,Ca-Ce-O-P-Sr,False,False,0
implant,14,Sr2Ce2Y2P4O19,Sr2Ce2Y2P4O19,Ce-O-P-Sr-Y,False,False,0
implant,15,SrCaCeP2O9,SrCaCeP2O9,Ca-Ce-O-P-Sr,False,False,0
