case,search,repeat,evaluations,distinct_formulas,best_fitness,best_E_GPa,ga_best_fitness,ga_best_E_GPa,n_random_better_than_ga
enamel,random,0,7500,2021,0.1225,100.7,0.0899,95.5,0
enamel,random,1,7500,2051,0.0839,80.6,0.0899,95.5,1
enamel,random,2,7500,2056,0.1225,100.7,0.0899,95.5,0
enamel,random,3,7500,2070,0.1311,98.5,0.0899,95.5,0
enamel,random,4,7500,2021,0.1476,100.0,0.0899,95.5,0
enamel,random,5,7500,2013,0.1206,96.3,0.0899,95.5,0
enamel,random,6,7500,1968,0.0369,83.9,0.0899,95.5,1
enamel,random,7,7500,2083,0.1206,96.3,0.0899,95.5,0
enamel,random,8,7500,1981,0.1206,96.3,0.0899,95.5,0
enamel,random,9,7500,2062,0.1206,96.3,0.0899,95.5,0
dentin,random,0,7500,1665,0.8309,44.9,0.7962,44.1,0
dentin,random,1,7500,1699,0.8309,44.9,0.7962,44.1,0
dentin,random,2,7500,1677,0.8221,45.2,0.7962,44.1,0
dentin,random,3,7500,1670,0.8804,46.9,0.7962,44.1,0
dentin,random,4,7500,1624,1.2265,58.7,0.7962,44.1,0
dentin,random,5,7500,1674,0.8804,46.9,0.7962,44.1,0
dentin,random,6,7500,1651,0.8309,44.9,0.7962,44.1,0
dentin,random,7,7500,1671,0.9876,50.4,0.7962,44.1,0
dentin,random,8,7500,1675,1.0157,51.7,0.7962,44.1,0
dentin,random,9,7500,1658,0.9321,48.8,0.7962,44.1,0
implant,random,0,7500,2021,0.0064,109.2,0.0064,109.2,1
implant,random,1,7500,2051,0.0064,109.2,0.0064,109.2,1
implant,random,2,7500,2056,0.0064,109.2,0.0064,109.2,1
implant,random,3,7500,2070,0.0064,109.2,0.0064,109.2,1
implant,random,4,7500,2021,0.0064,109.2,0.0064,109.2,1
implant,random,5,7500,2013,0.0064,109.2,0.0064,109.2,1
implant,random,6,7500,1968,0.0064,109.2,0.0064,109.2,1
implant,random,7,7500,2083,0.0064,109.2,0.0064,109.2,1
implant,random,8,7500,1981,0.0064,109.2,0.0064,109.2,1
implant,random,9,7500,2062,0.0064,109.2,0.0064,109.2,1
