case,composition,pred_E_GPa,pred_rho_gcc,dist_E,dist_rho
dentin,K12Ca2P10O33,39.57,2.473,0.9785,0.1776190476190475
dentin,K10Na8Ca2P4O21,43.72,2.421,1.186,0.15285714285714272
dentin,K6Na6CaSiO9,47.37,2.305,1.3684999999999998,0.09761904761904765
dentin,K4Na12Ca2P2O15,50.08,2.302,1.504,0.09619047619047616
enamel,Mg2Al6Si8(P4O19)3,85.01,2.513,0.0001176470588235896,0.16233333333333336
enamel,LaAlSi5(P3O14)2,84.98,2.75,0.00023529411764701202,0.08333333333333333
enamel,Mg2Zr2Si8P10O47,85.12,2.793,0.0014117647058824064,0.06899999999999995
enamel,LaAlSi4(P3O13)2,85.46,2.799,0.005411764705882279,0.06700000000000002
enamel,SrMgP6O17,84.32,3.156,0.00800000000000008,0.052000000000000046
enamel,Ce2P10O29,87.06,3.041,0.024235294117647084,0.013666666666666641
enamel,LaSi3(PO4)5,87.55,2.988,0.029999999999999968,0.0040000000000000036
enamel,La2Al2Si4P10O39,93.28,2.991,0.09741176470588236,0.002999999999999966
enamel,CeAlSiP5O18,97.3,3.003,0.14470588235294116,0.001000000000000038
enamel,Ca8Mg4Si2P10O41,98.09,3.001,0.15400000000000005,0.0003333333333332966
enamel,Ca4Si(PO4)4,102.41,3.0,0.20482352941176465,0.0
implant,SrCa4Ce3(PO8)2,110.0,4.395,0.0,0.001136363636363814
implant,Sr6La2Mg(SiO4)5,110.08,4.402,0.0007272727272727117,0.00045454545454540445
implant,Sr5Y3ZrP3O19,109.2,4.401,0.007272727272727247,0.0002272727272726013
implant,Ca2La6Si2P4O25,109.19,4.4,0.007363636363636385,0.0
