material_id,formula,energy_above_hull,is_stable,pred_modulus_GPa
mp-559571,ZrB2O5,0.0,True,248.75909098147366
mp-754964,HfZrO4,0.04838755624999801,False,247.33303241867512
mp-675993,Zr2N2O,0.0,True,235.89343191345884
mp-1228755,Ba8ZrNb19O36,0.0,True,231.83771894705617
mp-1228044,Ba4ZrNb9O18,0.0016599534374920001,False,229.13256984333972
mp-1219791,PrZrNO2,0.047460522281248,False,226.48732837249048
mp-1225650,Er4Zr3O12,0.0,True,220.449532792275
mp-1080575,SrZrO3,0.004592438999996,False,218.08463613918727
mp-760425,Tb2Zr2O7,0.021954060795454002,False,217.14297319957996
mp-530294,Sm2Zr2O7,0.015423137272726001,False,216.00676407192594
mp-770419,Sr2Zr7O16,0.0,True,215.95374052838048
mp-1106293,EuZrO3,0.0,True,215.42996076347572
mp-1207474,Zr4N3OF5,0.0,True,215.24209742099578
mp-1216821,Tm4Zr3O12,0.0,True,214.44730758569787
mp-776024,CaZrO3,0.025365376749999002,False,214.35324144772784
