showcase,rank,composition,chemsys,chgnet,m3gnet,mace,mattersim,omni,ehull_median,ehull_mean,ehull_min,ehull_max,n_models,decomposition_consensus
dentin,1.0,K5Na2Ca(PO4)3,Ca-K-Na-O-P,0.8886869528985422,0.03570102536232067,0.37063100362318924,0.9968111666666681,0.9635453152173916,0.8886869528985422,0.6510750927536224,0.03570102536232067,0.9968111666666681,5,K3PO4(0.58) + NaCaPO4(0.30) + Na3PO4(0.12)
dentin,2.0,K8Na2Ca2P4O17,Ca-K-Na-O-P,1.0477669292929281,0.6426307449494946,0.9265702373737374,0.8703691010101,0.8638822045454546,0.8703691010101,0.8702438434343429,0.6426307449494946,1.0477669292929281,5,K3PO4(0.65) + NaCaPO4(0.21) + Na3PO4(0.08) + CaO(0.06)
dentin,3.0,K4Na2CaP2O9,Ca-K-Na-O-P,0.5594827777777773,0.48250294444444464,0.5683594999999997,0.5657365000000008,0.5681378148148148,0.5657365000000008,0.5488439074074074,0.48250294444444464,0.5683594999999997,5,K3PO4(0.59) + Na3PO4(0.30) + CaO(0.11)
dentin,4.0,K6Na4Ca2P4O17,Ca-K-Na-O-P,0.7306419141414127,0.5084745328282816,0.8115216767676747,0.6437938888888866,0.52560101262626,0.6437938888888866,0.6440066050505031,0.5084745328282816,0.8115216767676747,5,K3PO4(0.48) + Na3PO4(0.24) + NaCaPO4(0.21) + CaO(0.06)
dentin,5.0,K4Ca(PO4)2,Ca-K-O-P,0.1818794850000005,0.04930822666666668,0.2528377250000009,0.22494655666666752,0.2389530433333329,0.22494655666666752,0.1895850073333337,0.04930822666666668,0.2528377250000009,5,K3PO4(0.69) + KCa10(PO4)7(0.31)
dentin,6.0,K10Na2Ca2P6O23,Ca-K-Na-O-P,0.7039627189922628,0.9440490949612554,0.7406407461240292,0.6037572519379824,0.912344406976743,0.7406407461240292,0.7809508437984546,0.6037572519379824,0.9440490949612554,5,K3PO4(0.50) + K2CaP2O7(0.28) + NaCaPO4(0.16) + Na3PO4(0.06)
dentin,7.0,K3NaCa(PO4)2,Ca-K-Na-O-P,0.3058003611111104,0.645644772222222,0.989648538888888,0.24742295555555494,0.5504162277777773,0.5504162277777773,0.5477865711111105,0.24742295555555494,0.989648538888888,5,K3PO4(0.53) + NaCaPO4(0.47)
dentin,8.0,K10Ca2Al2P6O25,Al-Ca-K-O-P,0.35317770198257836,0.28381478740740373,0.5800562051198259,0.4688476437690694,0.4276706228976046,0.4276706228976046,0.4227133922352964,0.28381478740740373,0.5800562051198259,5,K3Al(PO4)2(0.42) + K3PO4(0.34) + KCa10(PO4)7(0.20) + KAl11O17(0.04)
dentin,9.0,K6Ca2P4O15,Ca-K-O-P,0.4388240194444366,0.42227451481480394,0.5340560046296305,0.547210105555556,-0.9569225037037032,0.4388240194444366,0.19708842814814478,-0.9569225037037032,0.547210105555556,5,K2CaP2O7(0.44) + K3PO4(0.39) + KCa10(PO4)7(0.17)
dentin,10.0,K5NaCaP2O9,Ca-K-Na-O-P,0.6250635694444453,0.14067088888888968,0.2791639861111115,0.16272027777777875,0.21364762962963102,0.21364762962963102,0.28425327037037124,0.14067088888888968,0.6250635694444453,5,K3PO4(0.74) + Na3PO4(0.15) + CaO(0.11)
dentin,11.0,K6Ca2SiP4O17,Ca-K-O-P-Si,0.8726513837500036,0.5599878066666673,1.1022592238095186,0.8226634779761861,0.6595544845238059,0.8226634779761861,0.8034232753452363,0.5599878066666673,1.1022592238095186,5,K2CaP2O7(0.63) + K3PO4(0.23) + K2Ca4Si8O21(0.13) + K2Si4O9(0.02)
dentin,12.0,K5Na3Ca(PO5)2,Ca-K-Na-O-P,0.4775411547619033,0.4894869523809522,0.8983879404761899,0.7637210476190468,0.7352900158730158,0.7352900158730158,0.6728854222222216,0.4775411547619033,0.8983879404761899,5,K3PO4(0.63) + Na2O(0.14) + Na3PO4(0.13) + CaO(0.10)
dentin,13.0,K8Na4Ca2P6O23,Ca-K-Na-O-P,0.7129623817829689,0.9025778391473089,0.9605894554263594,0.9652335310077547,0.9847535155038791,0.9605894554263594,0.9052233445736542,0.7129623817829689,0.9847535155038791,5,K3PO4(0.37) + K2CaP2O7(0.28) + Na3PO4(0.19) + NaCaPO4(0.16)
dentin,14.0,K12Ca4Si2P6O29,Ca-K-O-P-Si,0.7134766150943443,0.3367503792452906,0.6504578073899427,0.6319883336478052,0.654527438207543,0.6504578073899427,0.5974401147169852,0.3367503792452906,0.7134766150943443,5,K3PO4(0.50) + K2CaP2O7(0.23) + CaSiO3(0.19) + KCa10(PO4)7(0.09)
dentin,15.0,K10Ca2Si2P4O21,Ca-K-O-P-Si,0.8009970910256508,0.9349860589743644,0.6381344377289411,0.8455968076923108,0.5624698955128107,0.8009970910256508,0.7564368581868155,0.5624698955128107,0.9349860589743644,5,K3PO4(0.53) + KCa10(PO4)7(0.24) + K2Si2O5(0.23)
enamel,1.0,Sr2Ca4Si4P6O29,Ca-O-P-Si-Sr,0.495040377777757,0.5095779277777588,0.3895925833333127,0.32473587222220335,0.6009617999999826,0.495040377777757,0.46398171222220286,0.32473587222220335,0.6009617999999826,5,Ca2P2O7(0.49) + SiO2(0.27) + Sr2P2O7(0.24)
enamel,2.0,Sr2Ca6Si6P6O35,Ca-O-P-Si-Sr,0.5211626454545399,0.3013966575757525,0.5356636848484797,0.4040642393939331,0.5725789757575939,0.5211626454545399,0.4669732406060598,0.3013966575757525,0.5725789757575939,5,Ca3(PO4)2(0.47) + SiO2(0.33) + Sr2P2O7(0.20)
enamel,3.0,SrCaSiP2O9,Ca-O-P-Si-Sr,0.2022198571428495,0.28400595535713435,0.49964118749999287,0.4895952946428501,0.4883243214285704,0.4883243214285704,0.3927573232142795,0.2022198571428495,0.49964118749999287,5,Ca2P2O7(0.39) + Sr2P2O7(0.39) + SiO2(0.21)
enamel,4.0,Ca2Mg2Al2P4O17,Al-Ca-Mg-O-P,0.9557914234892717,0.2175842724171284,,0.6797111047758033,0.8500714093566994,0.7648912570662514,0.6757895525097257,0.2175842724171284,0.9557914234892717,4,Ca19Mg2(PO4)14(0.35) + MgAlPO5(0.30) + AlPO4(0.22) + Mg3(PO4)2(0.13)
enamel,5.0,Sr2Mg2Al2P4O17,Al-Mg-O-P-Sr,0.6116205740740766,0.428395601851852,0.927797083333334,0.46998284259259293,0.5494633333333327,0.5494633333333327,0.5974518870370377,0.428395601851852,0.927797083333334,5,MgAlPO5(0.59) + Sr2P2O7(0.41)
enamel,6.0,Ca6Mg2Si6P6O35,Ca-Mg-O-P-Si,0.6725671521531043,0.40247700382774454,0.6760635636363714,0.578622093779912,0.5730187291866109,0.578622093779912,0.5805497085167486,0.40247700382774454,0.6760635636363714,5,Ca19Mg2(PO4)14(0.35) + SiO2(0.33) + Ca2P2O7(0.20) + Mg3(PO4)2(0.12)
enamel,7.0,Ca2MgSi2(PO6)2,Ca-Mg-O-P-Si,0.1424280623268892,0.1001591371191326,0.19725557894736756,0.6282657936288096,0.687865844875347,0.19725557894736756,0.3511948833795092,0.1001591371191326,0.687865844875347,5,Ca19Mg2(PO4)14(0.50) + SiO2(0.32) + Mg3(PO4)2(0.18)
enamel,8.0,Ca6Mg2Si4P6O31,Ca-Mg-O-P-Si,0.2297510687432629,0.16883867776582306,0.489865673469394,0.445483146079491,0.2676335735768065,0.2676335735768065,0.3203144279269555,0.16883867776582306,0.489865673469394,5,Ca19Mg2(PO4)14(0.39) + SiO2(0.24) + Ca2P2O7(0.22) + Mg3(PO4)2(0.14)
enamel,9.0,SrMg2Si(PO5)2,Mg-O-P-Si-Sr,0.45499986458332753,0.07506947916666018,0.4168531458333371,0.5979737083333276,0.2885743020833269,0.4168531458333371,0.36669409999999586,0.07506947916666018,0.5979737083333276,5,Mg3(PO4)2(0.54) + Sr3(PO4)2(0.27) + SiO2(0.19)
enamel,10.0,Sr2Ca2Al2P4O17,Al-Ca-O-P-Sr,1.1496167345679007,0.21301346502057505,0.6642456934156371,0.5426817736625509,0.40047625925925967,0.5426817736625509,0.5940067851851847,0.21301346502057505,1.1496167345679007,5,Sr2P2O7(0.41) + Ca3(PO4)2(0.32) + AlPO4(0.15) + Al2O3(0.12)
enamel,11.0,Ca4Mg2Si4P6O29,Ca-Mg-O-P-Si,0.9426769722222428,0.43558263333333347,0.7538393888888839,0.8884194388888815,0.6015217999999942,0.7538393888888839,0.7244080466666671,0.43558263333333347,0.9426769722222428,5,Ca2P2O7(0.49) + SiO2(0.27) + Mg2P2O7(0.24)
enamel,12.0,SrMgSiP2O9,Mg-O-P-Si-Sr,0.19721412500004565,0.069143392857141,0.159126589285707,0.13924448214285068,0.19640433928570733,0.159126589285707,0.15222658571429032,0.069143392857141,0.19721412500004565,5,SrMgP2O7(0.79) + SiO2(0.21)
enamel,13.0,SrCa2Si2(PO6)2,Ca-O-P-Si-Sr,0.22548806140351818,0.5053984634502999,-2.638699168128654,0.1295082967836345,0.16249483333333625,0.16249483333333625,-0.323161902631573,-2.638699168128654,0.5053984634502999,5,Ca3(PO4)2(0.46) + SiO2(0.32) + Sr3(PO4)2(0.23)
enamel,14.0,SrCa2AlPO7,Al-Ca-O-P-Sr,0.6013259553571517,0.1308368115079359,0.3170108565476202,0.16744934961970515,0.17472854315476116,0.17472854315476116,0.27827030323743485,0.1308368115079359,0.6013259553571517,5,Sr3(PO4)2(0.36) + Ca11Al14O32(0.34) + Ca4P2O9(0.21) + CaO(0.09)
enamel,15.0,Sr2Mg2Si4P2O17,Mg-O-P-Si-Sr,0.5875271589506204,0.31086363734568234,0.4902202006172871,0.6269532561728424,0.4890637145061758,0.4902202006172871,0.5009255935185216,0.31086363734568234,0.6269532561728424,5,SiO2(0.39) + Sr3(PO4)2(0.32) + Mg3(PO4)2(0.16) + Mg2SiO4(0.13)
implant,1.0,SrCaLaPO6,Ca-La-O-P-Sr,0.16147712499998956,0.11580587916665674,1.6370133558333348,0.8114445597222186,1.7115343375000007,0.8114445597222186,0.8874550514444401,0.11580587916665674,1.7115343375000007,5,Sr3(PO4)2(0.43) + La2O3(0.25) + Ca4P2O9(0.25) + CaO(0.07)
implant,2.0,Sr2La4Al2P4O21,Al-La-O-P-Sr,0.2074877727272657,0.45019127676768367,0.3767470227272671,0.5705318484848414,0.4611413626262708,0.45019127676768367,0.4132198566666657,0.2074877727272657,0.5705318484848414,5,LaPO4(0.55) + Sr3(PO4)2(0.20) + SrLaAl3O7(0.18) + LaAlO3(0.08)
implant,3.0,Sr4Ce2Mg2P2O15,Ce-Mg-O-P-Sr,0.8203323933333353,0.17751241333333212,0.3213873466666666,0.24957997333333282,0.20044493333333158,0.24957997333333282,0.3538514119999997,0.17751241333333212,0.8203323933333353,5,Sr10P6O25(0.55) + CeO2(0.20) + MgO(0.16) + Sr2CeO4(0.09)
implant,4.0,Sr2LaSiPO8,La-O-P-Si-Sr,0.11890007692308124,0.6654519807692347,0.18093593269231256,0.5494611089743628,0.5247183397435897,0.5247183397435897,0.4078934878205162,0.11890007692308124,0.6654519807692347,5,Sr3(PO4)2(0.50) + SrLa4Si3O13(0.40) + SrSiO3(0.10)
implant,5.0,Sr2CaLa2P2O11,Ca-La-O-P-Sr,0.16193905787037188,0.10308298070987387,0.2107014509259253,0.19321289969135336,0.19096747569444084,0.19096747569444084,0.17198077297839304,0.10308298070987387,0.2107014509259253,5,Sr3(PO4)2(0.48) + La2O3(0.28) + Ca3(PO4)2(0.24)
implant,6.0,Sr2CeMg(PO5)2,Ce-Mg-O-P-Sr,0.3327433229166381,0.19576530208333054,0.6767659166666631,0.6269410104166644,0.29293616666666544,0.3327433229166381,0.4250303437499923,0.19576530208333054,0.6767659166666631,5,Sr3(PO4)2(0.54) + Mg3(PO4)2(0.27) + CeO2(0.19)
implant,7.0,Sr2Ce2Ti4P2O19,Ce-O-P-Sr-Ti,0.18340658620689076,0.15180812931033927,0.2832778362068904,0.3852652155172347,0.430497689655172,0.2832778362068904,0.2868510913793054,0.15180812931033927,0.430497689655172,5,TiO2(0.41) + Sr2P2O7(0.38) + CeO2(0.21)
implant,8.0,Ce2Mg2Ti2P2O15,Ce-Mg-O-P-Ti,0.1596156413043488,0.16374257065215936,0.43767592391301235,0.17220546739127407,0.17999353260866435,0.17220546739127407,0.22264662717389178,0.1596156413043488,0.43767592391301235,5,MgTi2(PO5)2(0.33) + Mg3(PO4)2(0.28) + CeO2(0.26) + TiO2(0.13)
implant,9.0,LaMgTiPO7,La-Mg-O-P-Ti,0.18389087878787969,0.18115607575757675,0.6448053787878711,0.15498104545454172,0.24982774242423833,0.18389087878787969,0.28293222424242154,0.15498104545454172,0.6448053787878711,5,LaPO4(0.55) + MgTiO3(0.45)
implant,10.0,SrLaSiPO7,La-O-P-Si-Sr,0.14613311111111216,0.03890663888888923,0.585488969696967,0.15636537878787493,0.28415793939393996,0.15636537878787493,0.24221040757575665,0.03890663888888923,0.585488969696967,5,LaPO4(0.55) + SrSiO3(0.45)
implant,11.0,Sr4Ce2Si2P2O17,Ce-O-P-Si-Sr,0.5375158888888887,0.2355576481481485,0.7176847407407401,0.5713668209876532,0.5365423024691491,0.5375158888888887,0.5197334802469159,0.2355576481481485,0.7176847407407401,5,Sr3(PO4)2(0.48) + CeO2(0.22) + SrSiO3(0.19) + SiO2(0.11)
implant,12.0,Sr4Ce4Mg2P2O19,Ce-Mg-O-P-Sr,0.5068331559139541,0.3652837526881667,0.5262537634408568,0.46209194623655403,0.5114132365591342,0.5068331559139541,0.4743751709677332,0.3652837526881667,0.5262537634408568,5,Sr10P6O25(0.44) + CeO2(0.35) + MgO(0.13) + Sr2CeO4(0.08)
implant,13.0,Sr2Ca2Ce2P2O13,Ca-Ce-O-P-Sr,0.27691921428570065,0.1776131111111079,0.659759033333331,0.3836716580687831,0.3636975119047632,0.3636975119047632,0.37233210574073716,0.1776131111111079,0.659759033333331,5,Sr3(PO4)2(0.41) + CeO2(0.29) + Ca4P2O9(0.24) + CaO(0.06)
implant,14.0,Sr2Ce2Y2P4O19,Ce-O-P-Sr-Y,0.41549775862069716,0.13689609482759302,0.358734732758621,0.4846549051724143,0.3931015517241452,0.3931015517241452,0.3577770086206941,0.13689609482759302,0.4846549051724143,5,YPO4(0.41) + Sr2P2O7(0.38) + CeO2(0.21)
implant,15.0,SrCaCeP2O9,Ca-Ce-O-P-Sr,0.10328689285722614,0.37741224107142024,0.280437830357136,0.34869436607142035,,0.31456609821427817,0.2774578325893007,0.10328689285722614,0.37741224107142024,4,Sr2P2O7(0.39) + Ca2P2O7(0.39) + CeO2(0.21)
