showcase,rank,composition,chemsys,model,ehull,ef_hull,nseeds,decomposition
dentin,1.0,K5Na2Ca(PO4)3,Ca-K-Na-O-P,chgnet,0.8886869528985422,-1.8187932959948598,7,K3PO4(0.58) + NaCaPO4(0.30) + Na3PO4(0.12)
dentin,2.0,K8Na2Ca2P4O17,Ca-K-Na-O-P,chgnet,1.0477669292929281,-1.6586835384062313,7,K3PO4(0.65) + NaCaPO4(0.21) + Na3PO4(0.08) + CaO(0.06)
dentin,3.0,K4Na2CaP2O9,Ca-K-Na-O-P,chgnet,0.5594827777777773,-2.076328330464332,8,K3PO4(0.59) + Na3PO4(0.30) + CaO(0.11)
dentin,4.0,K6Na4Ca2P4O17,Ca-K-Na-O-P,chgnet,0.7306419141414127,-1.9741920165671496,7,K3PO4(0.48) + Na3PO4(0.24) + NaCaPO4(0.21) + CaO(0.06)
dentin,5.0,K4Ca(PO4)2,Ca-K-O-P,chgnet,0.1818794850000005,-2.606388787936508,7,K3PO4(0.69) + KCa10(PO4)7(0.31)
dentin,6.0,K10Na2Ca2P6O23,Ca-K-Na-O-P,chgnet,0.7039627189922628,-2.0438640345686796,8,K3PO4(0.50) + K2CaP2O7(0.28) + NaCaPO4(0.16) + Na3PO4(0.06)
dentin,7.0,K3NaCa(PO4)2,Ca-K-Na-O-P,chgnet,0.3058003611111104,-2.4836391472468526,7,K3PO4(0.53) + NaCaPO4(0.47)
dentin,8.0,K10Ca2Al2P6O25,Al-Ca-K-O-P,chgnet,0.35317770198257836,-2.5206279690476197,7,K3Al(PO4)2(0.42) + K3PO4(0.34) + KCa10(PO4)7(0.20) + KAl11O17(0.04)
dentin,9.0,K6Ca2P4O15,Ca-K-O-P,chgnet,0.4388240194444366,-2.422339047707231,8,K2CaP2O7(0.44) + K3PO4(0.39) + KCa10(PO4)7(0.17)
dentin,10.0,K5NaCaP2O9,Ca-K-Na-O-P,chgnet,0.6250635694444453,-2.0122293643723776,7,K3PO4(0.74) + Na3PO4(0.15) + CaO(0.11)
dentin,11.0,K6Ca2SiP4O17,Ca-K-O-P-Si,chgnet,0.8726513837500036,-2.038860676269841,7,K2CaP2O7(0.60) + K3PO4(0.17) + K2Si2O5(0.15) + KCa10(PO4)7(0.08)
dentin,12.0,K5Na3Ca(PO5)2,Ca-K-Na-O-P,chgnet,0.4775411547619033,-1.9902093184768168,8,K3PO4(0.63) + Na2O(0.14) + Na3PO4(0.13) + CaO(0.10)
dentin,13.0,K8Na4Ca2P6O23,Ca-K-Na-O-P,chgnet,0.7129623817829689,-2.0336237736224083,7,K3PO4(0.37) + K2CaP2O7(0.28) + Na3PO4(0.19) + NaCaPO4(0.16)
dentin,14.0,K12Ca4Si2P6O29,Ca-K-O-P-Si,chgnet,0.7134766150943443,-2.1726820227762804,7,K3PO4(0.48) + KCa10(PO4)7(0.35) + K2Si2O5(0.17)
dentin,15.0,K10Ca2Si2P4O21,Ca-K-O-P-Si,chgnet,0.8009970910256508,-2.0254801278998786,8,K3PO4(0.53) + KCa10(PO4)7(0.24) + K2Si2O5(0.23)
enamel,1.0,Sr2Ca4Si4P6O29,Ca-O-P-Si-Sr,chgnet,0.495040377777757,-2.760423828306879,8,Ca2P2O7(0.49) + SiO2(0.27) + Sr2P2O7(0.24)
enamel,2.0,Sr2Ca6Si6P6O35,Ca-O-P-Si-Sr,chgnet,0.5211626454545399,-2.7907428322510817,8,Ca3(PO4)2(0.47) + SiO2(0.33) + Sr2P2O7(0.20)
enamel,3.0,SrCaSiP2O9,Ca-O-P-Si-Sr,chgnet,0.2022198571428495,-3.053205300170068,8,Ca2P2O7(0.39) + Sr2P2O7(0.39) + SiO2(0.21)
enamel,4.0,Ca2Mg2Al2P4O17,Al-Ca-Mg-O-P,chgnet,0.9557914234892717,-2.246245740299824,7,Ca19Mg2(PO4)14(0.35) + MgAlPO5(0.30) + AlPO4(0.22) + Mg3(PO4)2(0.13)
enamel,5.0,Sr2Mg2Al2P4O17,Al-Mg-O-P-Sr,chgnet,0.6116205740740766,-2.5915169131393303,7,MgAlPO5(0.59) + Sr2P2O7(0.41)
enamel,6.0,Ca6Mg2Si6P6O35,Ca-Mg-O-P-Si,chgnet,0.6725671521531043,-2.5922574383116883,8,Ca19Mg2(PO4)14(0.35) + SiO2(0.33) + Ca2P2O7(0.20) + Mg3(PO4)2(0.12)
enamel,7.0,Ca2MgSi2(PO6)2,Ca-Mg-O-P-Si,chgnet,0.1424280623268892,-3.126555295739348,7,Ca19Mg2(PO4)14(0.50) + SiO2(0.32) + Mg3(PO4)2(0.18)
enamel,8.0,Ca6Mg2Si4P6O31,Ca-Mg-O-P-Si,chgnet,0.2297510687432629,-3.0309696960641412,7,Ca19Mg2(PO4)14(0.39) + SiO2(0.24) + Ca2P2O7(0.22) + Mg3(PO4)2(0.14)
enamel,9.0,SrMg2Si(PO5)2,Mg-O-P-Si-Sr,chgnet,0.45499986458332753,-2.7265756845238096,8,Mg3(PO4)2(0.54) + Sr3(PO4)2(0.27) + SiO2(0.19)
enamel,10.0,Sr2Ca2Al2P4O17,Al-Ca-O-P-Sr,chgnet,1.1496167345679007,-2.138962098324515,7,Sr2P2O7(0.41) + Ca3(PO4)2(0.32) + AlPO4(0.15) + Al2O3(0.12)
enamel,11.0,Ca4Mg2Si4P6O29,Ca-Mg-O-P-Si,chgnet,0.9426769722222428,-2.2470535246031753,7,Ca2P2O7(0.49) + SiO2(0.27) + Mg2P2O7(0.24)
enamel,12.0,SrMgSiP2O9,Mg-O-P-Si-Sr,chgnet,0.19721412500004565,-2.9675708715986397,8,SrMgP2O7(0.79) + SiO2(0.21)
enamel,13.0,SrCa2Si2(PO6)2,Ca-O-P-Si-Sr,chgnet,0.22548806140351818,-3.105295997493734,7,Ca3(PO4)2(0.46) + SiO2(0.32) + Sr3(PO4)2(0.23)
enamel,14.0,SrCa2AlPO7,Al-Ca-O-P-Sr,chgnet,0.6013259553571517,-2.7832594910714286,7,Sr3(PO4)2(0.36) + Ca11Al14O32(0.34) + Ca4P2O9(0.21) + CaO(0.09)
enamel,15.0,Sr2Mg2Si4P2O17,Mg-O-P-Si-Sr,chgnet,0.5875271589506204,-2.677245630952381,8,SiO2(0.39) + Sr3(PO4)2(0.32) + Mg3(PO4)2(0.16) + Mg2SiO4(0.13)
implant,1.0,SrCaLaPO6,Ca-La-O-P-Sr,chgnet,0.16147712499998956,-3.3188479642857147,7,Sr3(PO4)2(0.43) + La2O3(0.25) + Ca4P2O9(0.25) + CaO(0.07)
implant,2.0,Sr2La4Al2P4O21,Al-La-O-P-Sr,chgnet,0.2074877727272657,-3.3051904440836943,7,LaPO4(0.55) + Sr3(PO4)2(0.20) + SrLaAl3O7(0.18) + LaAlO3(0.08)
implant,3.0,Sr4Ce2Mg2P2O15,Ce-Mg-O-P-Sr,chgnet,0.8203323933333353,-2.6029088480952383,8,Sr10P6O25(0.55) + CeO2(0.20) + MgO(0.16) + Sr2CeO4(0.09)
implant,4.0,Sr2LaSiPO8,La-O-P-Si-Sr,chgnet,0.11890007692308124,-3.401602152014652,7,Sr3(PO4)2(0.50) + SrLa4Si3O13(0.40) + SrSiO3(0.10)
implant,5.0,Sr2CaLa2P2O11,Ca-La-O-P-Sr,chgnet,0.16193905787037188,-3.338187140873017,7,Sr3(PO4)2(0.48) + La2O3(0.21) + Ca4P2O9(0.21) + La3PO7(0.10)
implant,6.0,Sr2CeMg(PO5)2,Ce-Mg-O-P-Sr,chgnet,0.3327433229166381,-3.044601549107143,8,Sr3(PO4)2(0.54) + Mg3(PO4)2(0.27) + CeO2(0.19)
implant,7.0,Sr2Ce2Ti4P2O19,Ce-O-P-Sr-Ti,chgnet,0.18340658620689076,-3.32416267364532,7,TiO2(0.41) + Sr2P2O7(0.38) + CeO2(0.21)
implant,8.0,Ce2Mg2Ti2P2O15,Ce-Mg-O-P-Ti,chgnet,0.1596156413043488,-3.2177802986542448,7,Mg3(PO4)2(0.38) + TiO2(0.26) + CeO2(0.22) + CeP2O7(0.14)
implant,9.0,LaMgTiPO7,La-Mg-O-P-Ti,chgnet,0.18389087878787969,-3.2623581872294367,8,LaPO4(0.55) + MgTiO3(0.45)
implant,10.0,SrLaSiPO7,La-O-P-Si-Sr,chgnet,0.14613311111111216,-3.346201353896102,7,Sr3(PO4)2(0.39) + La2Si2O7(0.33) + LaPO4(0.18) + SiO2(0.09)
implant,11.0,Sr4Ce2Si2P2O17,Ce-O-P-Si-Sr,chgnet,0.5375158888888887,-2.9553644704585547,7,Sr3(PO4)2(0.48) + CeO2(0.22) + SrSiO3(0.19) + SiO2(0.11)
implant,12.0,Sr4Ce4Mg2P2O19,Ce-Mg-O-P-Sr,chgnet,0.5068331559139541,-3.0137496194316444,8,Sr10P6O25(0.44) + CeO2(0.35) + MgO(0.13) + Sr2CeO4(0.08)
implant,13.0,Sr2Ca2Ce2P2O13,Ca-Ce-O-P-Sr,chgnet,0.27691921428570065,-3.2309045731292505,7,Sr3(PO4)2(0.41) + CeO2(0.29) + Ca4P2O9(0.24) + CaO(0.06)
implant,14.0,Sr2Ce2Y2P4O19,Ce-O-P-Sr-Y,chgnet,0.41549775862069716,-3.0792681547619054,7,YPO4(0.41) + Sr2P2O7(0.38) + CeO2(0.21)
implant,15.0,SrCaCeP2O9,Ca-Ce-O-P-Sr,chgnet,0.10328689285722614,-3.286673978741497,8,Ca2P2O7(0.39) + Sr2P2O7(0.39) + CeO2(0.21)
dentin,1.0,K5Na2Ca(PO4)3,Ca-K-Na-O-P,m3gnet,0.03570102536232067,-2.43660188627115,8,K3PO4(0.58) + NaCaPO4(0.30) + Na3PO4(0.12)
dentin,2.0,K8Na2Ca2P4O17,Ca-K-Na-O-P,m3gnet,0.6426307449494946,-1.8327727916218841,8,K3PO4(0.65) + NaCaPO4(0.21) + Na3PO4(0.08) + CaO(0.06)
dentin,3.0,K4Na2CaP2O9,Ca-K-Na-O-P,m3gnet,0.48250294444444464,-1.9273963052750405,8,K3PO4(0.59) + Na3PO4(0.30) + CaO(0.11)
dentin,4.0,K6Na4Ca2P4O17,Ca-K-Na-O-P,m3gnet,0.5084745328282816,-1.9589544777242875,8,K3PO4(0.48) + Na3PO4(0.24) + NaCaPO4(0.21) + CaO(0.06)
dentin,5.0,K4Ca(PO4)2,Ca-K-O-P,m3gnet,0.04930822666666668,-2.4991719752380948,8,K3PO4(0.69) + KCa10(PO4)7(0.31)
dentin,6.0,K10Na2Ca2P6O23,Ca-K-Na-O-P,m3gnet,0.9440490949612554,-1.5638341837696186,8,K3PO4(0.50) + K2CaP2O7(0.28) + NaCaPO4(0.16) + Na3PO4(0.06)
dentin,7.0,K3NaCa(PO4)2,Ca-K-Na-O-P,m3gnet,0.645644772222222,-1.899591929950739,8,K3PO4(0.53) + NaCaPO4(0.47)
dentin,8.0,K10Ca2Al2P6O25,Al-Ca-K-O-P,m3gnet,0.28381478740740373,-2.3302092869047617,8,K3Al(PO4)2(0.44) + K3PO4(0.33) + KCa10(PO4)7(0.19) + CaAl4O7(0.04)
dentin,9.0,K6Ca2P4O15,Ca-K-O-P,m3gnet,0.42227451481480394,-2.184659593783068,8,K2CaP2O7(0.44) + K3PO4(0.39) + KCa10(PO4)7(0.17)
dentin,10.0,K5NaCaP2O9,Ca-K-Na-O-P,m3gnet,0.14067088888888968,-2.2765383430145043,8,K3PO4(0.74) + Na3PO4(0.15) + CaO(0.11)
dentin,11.0,K6Ca2SiP4O17,Ca-K-O-P-Si,m3gnet,0.5599878066666673,-2.089411459404762,8,K2CaP2O7(0.60) + K3PO4(0.17) + K2Si2O5(0.15) + KCa10(PO4)7(0.08)
dentin,12.0,K5Na3Ca(PO5)2,Ca-K-Na-O-P,m3gnet,0.4894869523809522,-1.7641932876495428,8,K3PO4(0.63) + Na2O(0.14) + Na3PO4(0.13) + CaO(0.10)
dentin,13.0,K8Na4Ca2P6O23,Ca-K-Na-O-P,m3gnet,0.9025778391473089,-1.5991854544993704,8,K3PO4(0.37) + K2CaP2O7(0.28) + Na3PO4(0.19) + NaCaPO4(0.16)
dentin,14.0,K12Ca4Si2P6O29,Ca-K-O-P-Si,m3gnet,0.3367503792452906,-2.2959575285040428,8,K3PO4(0.48) + KCa10(PO4)7(0.35) + K2Si2O5(0.17)
dentin,15.0,K10Ca2Si2P4O21,Ca-K-O-P-Si,m3gnet,0.9349860589743644,-1.6473499739010988,8,K3PO4(0.53) + KCa10(PO4)7(0.24) + K2Si2O5(0.23)
enamel,1.0,Sr2Ca4Si4P6O29,Ca-O-P-Si-Sr,m3gnet,0.5095779277777588,-2.4108283350529103,8,Ca2P2O7(0.49) + SiO2(0.27) + Sr2P2O7(0.24)
enamel,2.0,Sr2Ca6Si6P6O35,Ca-O-P-Si-Sr,m3gnet,0.3013966575757525,-2.6727056514069267,8,Ca3(PO4)2(0.47) + SiO2(0.33) + Sr2P2O7(0.20)
enamel,3.0,SrCaSiP2O9,Ca-O-P-Si-Sr,m3gnet,0.28400595535713435,-2.6382822776360544,8,Ca2P2O7(0.39) + Sr2P2O7(0.39) + SiO2(0.21)
enamel,4.0,Ca2Mg2Al2P4O17,Al-Ca-Mg-O-P,m3gnet,0.2175842724171284,-2.6367949437830696,8,Ca19Mg2(PO4)14(0.35) + MgAlPO5(0.30) + AlPO4(0.22) + Mg3(PO4)2(0.13)
enamel,5.0,Sr2Mg2Al2P4O17,Al-Mg-O-P-Sr,m3gnet,0.428395601851852,-2.43258730180776,8,MgAlPO5(0.59) + Sr2P2O7(0.41)
enamel,6.0,Ca6Mg2Si6P6O35,Ca-Mg-O-P-Si,m3gnet,0.40247700382774454,-2.5223306392857148,8,Ca19Mg2(PO4)14(0.35) + SiO2(0.33) + Ca2P2O7(0.20) + Mg3(PO4)2(0.12)
enamel,7.0,Ca2MgSi2(PO6)2,Ca-Mg-O-P-Si,m3gnet,0.1001591371191326,-2.8280042593984964,8,Ca19Mg2(PO4)14(0.50) + SiO2(0.32) + Mg3(PO4)2(0.18)
enamel,8.0,Ca6Mg2Si4P6O31,Ca-Mg-O-P-Si,m3gnet,0.16883867776582306,-2.7544312991982505,8,Ca19Mg2(PO4)14(0.39) + SiO2(0.24) + Ca2P2O7(0.22) + Mg3(PO4)2(0.14)
enamel,9.0,SrMg2Si(PO5)2,Mg-O-P-Si-Sr,m3gnet,0.07506947916666018,-2.765442844494048,8,Mg3(PO4)2(0.54) + Sr3(PO4)2(0.27) + SiO2(0.19)
enamel,10.0,Sr2Ca2Al2P4O17,Al-Ca-O-P-Sr,m3gnet,0.21301346502057505,-2.7388664499559088,8,Sr2P2O7(0.41) + Ca3(PO4)2(0.32) + AlPO4(0.15) + Al2O3(0.12)
enamel,11.0,Ca4Mg2Si4P6O29,Ca-Mg-O-P-Si,m3gnet,0.43558263333333347,-2.4135668757936504,8,Ca2P2O7(0.49) + SiO2(0.27) + Mg2P2O7(0.24)
enamel,12.0,SrMgSiP2O9,Mg-O-P-Si-Sr,m3gnet,0.069143392857141,-2.7580210633503404,8,SrMgP2O7(0.79) + SiO2(0.21)
enamel,13.0,SrCa2Si2(PO6)2,Ca-O-P-Si-Sr,m3gnet,0.5053984634502999,-2.4896364874686716,8,Ca3(PO4)2(0.46) + SiO2(0.32) + Sr3(PO4)2(0.23)
enamel,14.0,SrCa2AlPO7,Al-Ca-O-P-Sr,m3gnet,0.1308368115079359,-2.9320038685515875,8,Sr3(PO4)2(0.36) + Ca11Al14O32(0.34) + Ca4P2O9(0.21) + CaO(0.09)
enamel,15.0,Sr2Mg2Si4P2O17,Mg-O-P-Si-Sr,m3gnet,0.31086363734568234,-2.615935693342152,8,SiO2(0.39) + Sr3(PO4)2(0.32) + Mg3(PO4)2(0.16) + Mg2SiO4(0.13)
implant,1.0,SrCaLaPO6,Ca-La-O-P-Sr,m3gnet,0.11580587916665674,-3.051045729761904,8,Sr3(PO4)2(0.43) + La2O3(0.25) + Ca4P2O9(0.25) + CaO(0.07)
implant,2.0,Sr2La4Al2P4O21,Al-La-O-P-Sr,m3gnet,0.45019127676768367,-2.7233038075396827,8,LaPO4(0.51) + Sr3(PO4)2(0.24) + LaAlO3(0.18) + SrAl4O7(0.07)
implant,3.0,Sr4Ce2Mg2P2O15,Ce-Mg-O-P-Sr,m3gnet,0.17751241333333212,-2.92603876547619,8,Sr10P6O25(0.55) + CeO2(0.20) + MgO(0.16) + Sr2CeO4(0.09)
implant,4.0,Sr2LaSiPO8,La-O-P-Si-Sr,m3gnet,0.6654519807692347,-2.5236683369963373,8,Sr3(PO4)2(0.50) + SrLa4Si3O13(0.40) + SrSiO3(0.10)
implant,5.0,Sr2CaLa2P2O11,Ca-La-O-P-Sr,m3gnet,0.10308298070987387,-3.078176553902117,8,Sr3(PO4)2(0.48) + La2O3(0.28) + Ca3(PO4)2(0.24)
implant,6.0,Sr2CeMg(PO5)2,Ce-Mg-O-P-Sr,m3gnet,0.19576530208333054,-2.8464479278273807,8,Sr3(PO4)2(0.54) + Mg3(PO4)2(0.27) + CeO2(0.19)
implant,7.0,Sr2Ce2Ti4P2O19,Ce-O-P-Sr-Ti,m3gnet,0.15180812931033927,-2.9830959185139574,8,TiO2(0.41) + Sr2P2O7(0.38) + CeO2(0.21)
implant,8.0,Ce2Mg2Ti2P2O15,Ce-Mg-O-P-Ti,m3gnet,0.16374257065215936,-2.848738005952381,8,Mg3(PO4)2(0.38) + CeO2(0.26) + Ti5(PO5)4(0.21) + TiO2(0.15)
implant,9.0,LaMgTiPO7,La-Mg-O-P-Ti,m3gnet,0.18115607575757675,-2.8996366596320344,8,LaPO4(0.55) + MgTiO3(0.45)
implant,10.0,SrLaSiPO7,La-O-P-Si-Sr,m3gnet,0.03890663888888923,-3.116549583874459,8,Sr3(PO4)2(0.39) + La2Si2O7(0.33) + LaPO4(0.18) + SiO2(0.09)
implant,11.0,Sr4Ce2Si2P2O17,Ce-O-P-Si-Sr,m3gnet,0.2355576481481485,-2.9198404217372134,8,Sr3(PO4)2(0.48) + CeO2(0.22) + SrSiO3(0.19) + SiO2(0.11)
implant,12.0,Sr4Ce4Mg2P2O19,Ce-Mg-O-P-Sr,m3gnet,0.3652837526881667,-2.8260800205453145,8,Sr10P6O25(0.44) + CeO2(0.35) + MgO(0.13) + Sr2CeO4(0.08)
implant,13.0,Sr2Ca2Ce2P2O13,Ca-Ce-O-P-Sr,m3gnet,0.1776131111111079,-3.0006824390589575,8,Sr3(PO4)2(0.41) + CeO2(0.29) + Ca4P2O9(0.24) + CaO(0.06)
implant,14.0,Sr2Ce2Y2P4O19,Ce-O-P-Sr-Y,m3gnet,0.13689609482759302,-3.0200429447865353,8,YPO4(0.41) + Sr2P2O7(0.38) + CeO2(0.21)
implant,15.0,SrCaCeP2O9,Ca-Ce-O-P-Sr,m3gnet,0.37741224107142024,-2.677708349064626,8,Sr2P2O7(0.39) + Ca2P2O7(0.39) + CeO2(0.21)
dentin,1.0,K5Na2Ca(PO4)3,Ca-K-Na-O-P,mace,0.37063100362318924,-1.9214024899336044,8,K3PO4(0.58) + NaCaPO4(0.30) + Na3PO4(0.12)
dentin,2.0,K8Na2Ca2P4O17,Ca-K-Na-O-P,mace,0.9265702373737374,-1.3722609509205355,8,K3PO4(0.65) + NaCaPO4(0.21) + Na3PO4(0.08) + CaO(0.06)
dentin,3.0,K4Na2CaP2O9,Ca-K-Na-O-P,mace,0.5683594999999997,-1.6738727253648962,8,K3PO4(0.59) + Na3PO4(0.30) + CaO(0.11)
dentin,4.0,K6Na4Ca2P4O17,Ca-K-Na-O-P,mace,0.8115216767676747,-1.4847026503980694,8,K3PO4(0.48) + Na3PO4(0.24) + NaCaPO4(0.21) + CaO(0.06)
dentin,5.0,K4Ca(PO4)2,Ca-K-O-P,mace,0.2528377250000009,-2.112114221587301,8,K3PO4(0.69) + KCa10(PO4)7(0.31)
dentin,6.0,K10Na2Ca2P6O23,Ca-K-Na-O-P,mace,0.7406407461240292,-1.5819707861438879,8,K3PO4(0.50) + K2CaP2O7(0.28) + NaCaPO4(0.16) + Na3PO4(0.06)
dentin,7.0,K3NaCa(PO4)2,Ca-K-Na-O-P,mace,0.989648538888888,-1.3742338576792557,8,K3PO4(0.53) + NaCaPO4(0.47)
dentin,8.0,K10Ca2Al2P6O25,Al-Ca-K-O-P,mace,0.5800562051198259,-1.8501030182539688,8,K3Al(PO4)2(0.42) + K3PO4(0.34) + KCa10(PO4)7(0.20) + KAl11O17(0.04)
dentin,9.0,K6Ca2P4O15,Ca-K-O-P,mace,0.5340560046296305,-1.8855090739858904,8,K2CaP2O7(0.44) + K3PO4(0.39) + KCa10(PO4)7(0.17)
dentin,10.0,K5NaCaP2O9,Ca-K-Na-O-P,mace,0.2791639861111115,-1.9654578619549343,8,K3PO4(0.74) + Na3PO4(0.15) + CaO(0.11)
dentin,11.0,K6Ca2SiP4O17,Ca-K-O-P-Si,mace,1.1022592238095186,-1.355567783253968,8,K2CaP2O7(0.63) + K3PO4(0.23) + K2Ca4Si8O21(0.13) + K2Si4O9(0.02)
dentin,12.0,K5Na3Ca(PO5)2,Ca-K-Na-O-P,mace,0.8983879404761899,-1.1964570594260684,8,K3PO4(0.63) + Na2O(0.14) + Na3PO4(0.13) + CaO(0.10)
dentin,13.0,K8Na4Ca2P6O23,Ca-K-Na-O-P,mace,0.9605894554263594,-1.3600214624871108,8,K3PO4(0.37) + K2CaP2O7(0.28) + Na3PO4(0.19) + NaCaPO4(0.16)
dentin,14.0,K12Ca4Si2P6O29,Ca-K-O-P-Si,mace,0.6504578073899427,-1.797685324932615,8,K3PO4(0.50) + K2CaP2O7(0.23) + CaSiO3(0.19) + KCa10(PO4)7(0.09)
dentin,15.0,K10Ca2Si2P4O21,Ca-K-O-P-Si,mace,0.6381344377289411,-1.756785597374847,8,K3PO4(0.59) + K2CaP2O7(0.18) + K2Ca4Si8O21(0.13) + CaSiO3(0.11)
enamel,1.0,Sr2Ca4Si4P6O29,Ca-O-P-Si-Sr,mace,0.3895925833333127,-2.3433828330687834,8,Ca2P2O7(0.49) + SiO2(0.27) + Sr2P2O7(0.24)
enamel,2.0,Sr2Ca6Si6P6O35,Ca-O-P-Si-Sr,mace,0.5356636848484797,-2.259959436147186,8,Ca3(PO4)2(0.47) + SiO2(0.33) + Sr2P2O7(0.20)
enamel,3.0,SrCaSiP2O9,Ca-O-P-Si-Sr,mace,0.49964118749999287,-2.235073864795918,8,Ca2P2O7(0.39) + Sr2P2O7(0.39) + SiO2(0.21)
enamel,4.0,Ca2Mg2Al2P4O17,Al-Ca-Mg-O-P,mace,,-35.921251085097005,8,Ca19Mg2(PO4)14(0.35) + MgAlPO5(0.30) + AlPO4(0.22) + Mg3(PO4)2(0.13)
enamel,5.0,Sr2Mg2Al2P4O17,Al-Mg-O-P-Sr,mace,0.927797083333334,-1.7733693690476187,8,MgAlPO5(0.59) + Sr2P2O7(0.41)
enamel,6.0,Ca6Mg2Si6P6O35,Ca-Mg-O-P-Si,mace,0.6760635636363714,-2.0775414058441553,8,Ca19Mg2(PO4)14(0.35) + SiO2(0.33) + Ca2P2O7(0.20) + Mg3(PO4)2(0.12)
enamel,7.0,Ca2MgSi2(PO6)2,Ca-Mg-O-P-Si,mace,0.19725557894736756,-2.5668602380952383,8,Ca19Mg2(PO4)14(0.50) + SiO2(0.32) + Mg3(PO4)2(0.18)
enamel,8.0,Ca6Mg2Si4P6O31,Ca-Mg-O-P-Si,mace,0.489865673469394,-2.264018006559767,8,Ca19Mg2(PO4)14(0.39) + SiO2(0.24) + Ca2P2O7(0.22) + Mg3(PO4)2(0.14)
enamel,9.0,SrMg2Si(PO5)2,Mg-O-P-Si-Sr,mace,0.4168531458333371,-2.271262147321428,8,Mg3(PO4)2(0.54) + Sr3(PO4)2(0.27) + SiO2(0.19)
enamel,10.0,Sr2Ca2Al2P4O17,Al-Ca-O-P-Sr,mace,0.6642456934156371,-2.118381776455027,8,Sr2P2O7(0.41) + Ca3(PO4)2(0.32) + AlPO4(0.15) + Al2O3(0.12)
enamel,11.0,Ca4Mg2Si4P6O29,Ca-Mg-O-P-Si,mace,0.7538393888888839,-1.9186679738095234,8,Ca2P2O7(0.49) + SiO2(0.27) + Mg2P2O7(0.24)
enamel,12.0,SrMgSiP2O9,Mg-O-P-Si-Sr,mace,0.159126589285707,-2.4929107933673467,8,SrMgP2O7(0.79) + SiO2(0.21)
enamel,13.0,SrCa2Si2(PO6)2,Ca-O-P-Si-Sr,mace,-2.638699168128654,-5.455531834586465,8,Ca3(PO4)2(0.46) + SiO2(0.32) + Sr3(PO4)2(0.23)
enamel,14.0,SrCa2AlPO7,Al-Ca-O-P-Sr,mace,0.3170108565476202,-2.5954984037698416,8,Sr10P6O25(0.34) + Ca11Al14O32(0.34) + Ca4P2O9(0.25) + CaO(0.07)
enamel,15.0,Sr2Mg2Si4P2O17,Mg-O-P-Si-Sr,mace,0.4902202006172871,-2.2673926089065257,8,SiO2(0.39) + Sr3(PO4)2(0.32) + Mg3(PO4)2(0.16) + Mg2SiO4(0.13)
implant,1.0,SrCaLaPO6,Ca-La-O-P-Sr,mace,1.6370133558333348,-1.3599891095238092,8,Sr10P6O25(0.41) + La3PO7(0.37) + CaO(0.17) + Ca4P2O9(0.05)
implant,2.0,Sr2La4Al2P4O21,Al-La-O-P-Sr,mace,0.3767470227272671,-2.6228286958874456,8,LaPO4(0.55) + Sr3(PO4)2(0.20) + SrLaAl3O7(0.18) + LaAlO3(0.08)
implant,3.0,Sr4Ce2Mg2P2O15,Ce-Mg-O-P-Sr,mace,0.3213873466666666,-2.6238729842857134,8,Sr10P6O25(0.55) + CeO2(0.20) + MgO(0.16) + Sr2CeO4(0.09)
implant,4.0,Sr2LaSiPO8,La-O-P-Si-Sr,mace,0.18093593269231256,-2.8382864560439556,8,Sr3(PO4)2(0.50) + SrLa4Si3O13(0.40) + SrSiO3(0.10)
implant,5.0,Sr2CaLa2P2O11,Ca-La-O-P-Sr,mace,0.2107014509259253,-2.794683996693122,8,Sr10P6O25(0.46) + La3PO7(0.41) + CaO(0.08) + Ca4P2O9(0.06)
implant,6.0,Sr2CeMg(PO5)2,Ce-Mg-O-P-Sr,mace,0.6767659166666631,-2.2004500431547616,8,Sr3(PO4)2(0.54) + Mg3(PO4)2(0.27) + CeO2(0.19)
implant,7.0,Sr2Ce2Ti4P2O19,Ce-O-P-Sr-Ti,mace,0.2832778362068904,-2.69425294047619,8,TiO2(0.41) + Sr2P2O7(0.38) + CeO2(0.21)
implant,8.0,Ce2Mg2Ti2P2O15,Ce-Mg-O-P-Ti,mace,0.43767592391301235,-2.425812345238095,8,MgTi2(PO5)2(0.33) + Mg3(PO4)2(0.28) + CeO2(0.26) + TiO2(0.13)
implant,9.0,LaMgTiPO7,La-Mg-O-P-Ti,mace,0.6448053787878711,-2.3017464859307357,8,LaPO4(0.55) + MgTiO3(0.45)
implant,10.0,SrLaSiPO7,La-O-P-Si-Sr,mace,0.585488969696967,-2.3921308495670996,8,LaPO4(0.55) + SrSiO3(0.45)
implant,11.0,Sr4Ce2Si2P2O17,Ce-O-P-Si-Sr,mace,0.7176847407407401,-2.26253167063492,8,Sr3(PO4)2(0.48) + CeO2(0.22) + SrSiO3(0.19) + SiO2(0.11)
implant,12.0,Sr4Ce4Mg2P2O19,Ce-Mg-O-P-Sr,mace,0.5262537634408568,-2.505559826036866,8,Sr10P6O25(0.44) + CeO2(0.35) + MgO(0.13) + Sr2CeO4(0.08)
implant,13.0,Sr2Ca2Ce2P2O13,Ca-Ce-O-P-Sr,mace,0.659759033333331,-2.349475068594105,8,Sr10P6O25(0.39) + CeO2(0.29) + Ca4P2O9(0.29) + CaO(0.04)
implant,14.0,Sr2Ce2Y2P4O19,Ce-O-P-Sr-Y,mace,0.358734732758621,-2.6110774183087027,8,YPO4(0.41) + Sr2P2O7(0.38) + CeO2(0.21)
implant,15.0,SrCaCeP2O9,Ca-Ce-O-P-Sr,mace,0.280437830357136,-2.591660793367347,8,Sr2P2O7(0.39) + Ca2P2O7(0.39) + CeO2(0.21)
dentin,1.0,K5Na2Ca(PO4)3,Ca-K-Na-O-P,mattersim,0.9968111666666681,-1.3422187739344604,8,K3PO4(0.58) + NaCaPO4(0.30) + Na3PO4(0.12)
dentin,2.0,K8Na2Ca2P4O17,Ca-K-Na-O-P,mattersim,0.8703691010101,-1.4746126249067022,8,K3PO4(0.65) + NaCaPO4(0.21) + Na3PO4(0.08) + CaO(0.06)
dentin,3.0,K4Na2CaP2O9,Ca-K-Na-O-P,mattersim,0.5657365000000008,-1.7207066932813353,8,K3PO4(0.59) + Na3PO4(0.30) + CaO(0.11)
dentin,4.0,K6Na4Ca2P4O17,Ca-K-Na-O-P,mattersim,0.6437938888888866,-1.6981841881250934,8,K3PO4(0.48) + Na3PO4(0.24) + NaCaPO4(0.21) + CaO(0.06)
dentin,5.0,K4Ca(PO4)2,Ca-K-O-P,mattersim,0.22494655666666752,-2.187515076190476,8,K3PO4(0.69) + KCa10(PO4)7(0.31)
dentin,6.0,K10Na2Ca2P6O23,Ca-K-Na-O-P,mattersim,0.6037572519379824,-1.7667667038320547,8,K3PO4(0.50) + K2CaP2O7(0.28) + NaCaPO4(0.16) + Na3PO4(0.06)
dentin,7.0,K3NaCa(PO4)2,Ca-K-Na-O-P,mattersim,0.24742295555555494,-2.1645009957307058,8,K3PO4(0.53) + NaCaPO4(0.47)
dentin,8.0,K10Ca2Al2P6O25,Al-Ca-K-O-P,mattersim,0.4688476437690694,-2.009877559523809,8,K3Al(PO4)2(0.42) + K3PO4(0.34) + KCa10(PO4)7(0.20) + KAl11O17(0.04)
dentin,9.0,K6Ca2P4O15,Ca-K-O-P,mattersim,0.547210105555556,-1.9214334642857145,8,K2CaP2O7(0.44) + K3PO4(0.39) + KCa10(PO4)7(0.17)
dentin,10.0,K5NaCaP2O9,Ca-K-Na-O-P,mattersim,0.16272027777777875,-2.1264762603311436,8,K3PO4(0.74) + Na3PO4(0.15) + CaO(0.11)
dentin,11.0,K6Ca2SiP4O17,Ca-K-O-P-Si,mattersim,0.8226634779761861,-1.6845162178571422,8,K2CaP2O7(0.63) + K3PO4(0.23) + K2Ca4Si8O21(0.13) + K2Si4O9(0.02)
dentin,12.0,K5Na3Ca(PO5)2,Ca-K-Na-O-P,mattersim,0.7637210476190468,-1.372862620103214,8,K3PO4(0.63) + Na2O(0.14) + Na3PO4(0.13) + CaO(0.10)
dentin,13.0,K8Na4Ca2P6O23,Ca-K-Na-O-P,mattersim,0.9652335310077547,-1.4029852988601212,8,K3PO4(0.37) + K2CaP2O7(0.28) + Na3PO4(0.19) + NaCaPO4(0.16)
dentin,14.0,K12Ca4Si2P6O29,Ca-K-O-P-Si,mattersim,0.6319883336478052,-1.8636163241239891,8,K3PO4(0.50) + K2CaP2O7(0.23) + CaSiO3(0.19) + KCa10(PO4)7(0.09)
dentin,15.0,K10Ca2Si2P4O21,Ca-K-O-P-Si,mattersim,0.8455968076923108,-1.5961677188644683,8,K3PO4(0.59) + K2CaP2O7(0.18) + K2Ca4Si8O21(0.13) + CaSiO3(0.11)
enamel,1.0,Sr2Ca4Si4P6O29,Ca-O-P-Si-Sr,mattersim,0.32473587222220335,-2.4637592187830695,8,Ca2P2O7(0.49) + SiO2(0.27) + Sr2P2O7(0.24)
enamel,2.0,Sr2Ca6Si6P6O35,Ca-O-P-Si-Sr,mattersim,0.4040642393939331,-2.444066442640693,8,Ca3(PO4)2(0.47) + SiO2(0.33) + Sr2P2O7(0.20)
enamel,3.0,SrCaSiP2O9,Ca-O-P-Si-Sr,mattersim,0.4895952946428501,-2.3009556947278917,8,Ca2P2O7(0.39) + Sr2P2O7(0.39) + SiO2(0.21)
enamel,4.0,Ca2Mg2Al2P4O17,Al-Ca-Mg-O-P,mattersim,0.6797111047758033,-2.0764590013227515,8,Ca19Mg2(PO4)14(0.35) + MgAlPO5(0.30) + AlPO4(0.22) + Mg3(PO4)2(0.13)
enamel,5.0,Sr2Mg2Al2P4O17,Al-Mg-O-P-Sr,mattersim,0.46998284259259293,-2.28525639638448,8,MgAlPO5(0.59) + Sr2P2O7(0.41)
enamel,6.0,Ca6Mg2Si6P6O35,Ca-Mg-O-P-Si,mattersim,0.578622093779912,-2.226294885064935,8,Ca19Mg2(PO4)14(0.35) + SiO2(0.33) + Ca2P2O7(0.20) + Mg3(PO4)2(0.12)
enamel,7.0,Ca2MgSi2(PO6)2,Ca-Mg-O-P-Si,mattersim,0.6282657936288096,-2.1855126917293224,8,Ca19Mg2(PO4)14(0.50) + SiO2(0.32) + Mg3(PO4)2(0.18)
enamel,8.0,Ca6Mg2Si4P6O31,Ca-Mg-O-P-Si,mattersim,0.445483146079491,-2.359920401603498,8,Ca19Mg2(PO4)14(0.39) + SiO2(0.24) + Ca2P2O7(0.22) + Mg3(PO4)2(0.14)
enamel,9.0,SrMg2Si(PO5)2,Mg-O-P-Si-Sr,mattersim,0.5979737083333276,-2.139588342261904,8,Mg3(PO4)2(0.54) + Sr3(PO4)2(0.27) + SiO2(0.19)
enamel,10.0,Sr2Ca2Al2P4O17,Al-Ca-O-P-Sr,mattersim,0.5426817736625509,-2.294415137125221,8,Sr2P2O7(0.41) + Ca3(PO4)2(0.32) + AlPO4(0.15) + Al2O3(0.12)
enamel,11.0,Ca4Mg2Si4P6O29,Ca-Mg-O-P-Si,mattersim,0.8884194388888815,-1.838279337301588,8,Ca2P2O7(0.49) + SiO2(0.27) + Mg2P2O7(0.24)
enamel,12.0,SrMgSiP2O9,Mg-O-P-Si-Sr,mattersim,0.13924448214285068,-2.570904337585034,8,SrMgP2O7(0.79) + SiO2(0.21)
enamel,13.0,SrCa2Si2(PO6)2,Ca-O-P-Si-Sr,mattersim,0.1295082967836345,-2.739477919799498,8,Ca3(PO4)2(0.46) + SiO2(0.32) + Sr3(PO4)2(0.23)
enamel,14.0,SrCa2AlPO7,Al-Ca-O-P-Sr,mattersim,0.16744934961970515,-2.7913448878968254,8,Sr3(PO4)2(0.36) + Ca11Al14O32(0.34) + Ca3(PO4)2(0.18) + CaO(0.12)
enamel,15.0,Sr2Mg2Si4P2O17,Mg-O-P-Si-Sr,mattersim,0.6269532561728424,-2.1809570947971784,8,SiO2(0.39) + Sr3(PO4)2(0.32) + Mg3(PO4)2(0.16) + Mg2SiO4(0.13)
implant,1.0,SrCaLaPO6,Ca-La-O-P-Sr,mattersim,0.8114445597222186,-2.233613815476191,8,Sr3(PO4)2(0.43) + La2O3(0.25) + Ca3(PO4)2(0.22) + CaO(0.10)
implant,2.0,Sr2La4Al2P4O21,Al-La-O-P-Sr,mattersim,0.5705318484848414,-2.4843201727994226,8,LaPO4(0.55) + Sr3(PO4)2(0.20) + SrLaAl3O7(0.18) + LaAlO3(0.08)
implant,3.0,Sr4Ce2Mg2P2O15,Ce-Mg-O-P-Sr,mattersim,0.24957997333333282,-2.7483364290476184,8,Sr10P6O25(0.55) + CeO2(0.20) + MgO(0.16) + Sr2CeO4(0.09)
implant,4.0,Sr2LaSiPO8,La-O-P-Si-Sr,mattersim,0.5494611089743628,-2.5198941913919417,8,Sr3(PO4)2(0.50) + SrLa4Si3O13(0.40) + SrSiO3(0.10)
implant,5.0,Sr2CaLa2P2O11,Ca-La-O-P-Sr,mattersim,0.19321289969135336,-2.861389808862434,8,Sr3(PO4)2(0.48) + La2O3(0.28) + Ca3(PO4)2(0.24)
implant,6.0,Sr2CeMg(PO5)2,Ce-Mg-O-P-Sr,mattersim,0.6269410104166644,-2.3046807380952377,8,Sr3(PO4)2(0.54) + Mg3(PO4)2(0.27) + CeO2(0.19)
implant,7.0,Sr2Ce2Ti4P2O19,Ce-O-P-Sr-Ti,mattersim,0.3852652155172347,-2.6533274158456486,8,TiO2(0.41) + Sr2P2O7(0.38) + CeO2(0.21)
implant,8.0,Ce2Mg2Ti2P2O15,Ce-Mg-O-P-Ti,mattersim,0.17220546739127407,-2.7495678866459627,8,MgTi2(PO5)2(0.33) + Mg3(PO4)2(0.28) + CeO2(0.26) + TiO2(0.13)
implant,9.0,LaMgTiPO7,La-Mg-O-P-Ti,mattersim,0.15498104545454172,-2.846258415584416,8,LaPO4(0.55) + MgTiO3(0.45)
implant,10.0,SrLaSiPO7,La-O-P-Si-Sr,mattersim,0.15636537878787493,-2.873119127705627,8,LaPO4(0.55) + SrSiO3(0.45)
implant,11.0,Sr4Ce2Si2P2O17,Ce-O-P-Si-Sr,mattersim,0.5713668209876532,-2.462521267636685,8,Sr3(PO4)2(0.48) + CeO2(0.22) + SrSiO3(0.19) + SiO2(0.11)
implant,12.0,Sr4Ce4Mg2P2O19,Ce-Mg-O-P-Sr,mattersim,0.46209194623655403,-2.6246190234254985,8,Sr10P6O25(0.44) + CeO2(0.35) + MgO(0.13) + Sr2CeO4(0.08)
implant,13.0,Sr2Ca2Ce2P2O13,Ca-Ce-O-P-Sr,mattersim,0.3836716580687831,-2.6805087885487535,8,Sr3(PO4)2(0.41) + CeO2(0.29) + Ca3(PO4)2(0.21) + CaO(0.10)
implant,14.0,Sr2Ce2Y2P4O19,Ce-O-P-Sr-Y,mattersim,0.4846549051724143,-2.5434373518062388,8,YPO4(0.41) + Sr2P2O7(0.38) + CeO2(0.21)
implant,15.0,SrCaCeP2O9,Ca-Ce-O-P-Sr,mattersim,0.34869436607142035,-2.582373409013605,8,Sr2P2O7(0.39) + Ca2P2O7(0.39) + CeO2(0.21)
dentin,1.0,K5Na2Ca(PO4)3,Ca-K-Na-O-P,grace,,-81080220.14484282,8,K3PO4(0.58) + NaCaPO4(0.30) + Na3PO4(0.12)
dentin,2.0,K8Na2Ca2P4O17,Ca-K-Na-O-P,grace,,-4349165175497.3154,8,K3PO4(0.65) + NaCaPO4(0.21) + Na3PO4(0.08) + CaO(0.06)
dentin,3.0,K4Na2CaP2O9,Ca-K-Na-O-P,grace,0.5503429444444432,-1.7610187851144867,8,K3PO4(0.59) + Na3PO4(0.30) + CaO(0.11)
dentin,4.0,K6Na4Ca2P4O17,Ca-K-Na-O-P,grace,0.7887714999999984,-1.5793783042158032,8,K3PO4(0.48) + Na3PO4(0.24) + NaCaPO4(0.21) + CaO(0.06)
dentin,5.0,K4Ca(PO4)2,Ca-K-O-P,grace,0.2597640349999999,-2.1790175625396824,8,K3PO4(0.69) + KCa10(PO4)7(0.31)
dentin,6.0,K10Na2Ca2P6O23,Ca-K-Na-O-P,grace,0.9884478662790679,-1.4084127246104936,8,K3PO4(0.50) + K2CaP2O7(0.28) + NaCaPO4(0.16) + Na3PO4(0.06)
dentin,7.0,K3NaCa(PO4)2,Ca-K-Na-O-P,grace,0.7972216499999991,-1.6420054448385328,8,K3PO4(0.53) + NaCaPO4(0.47)
dentin,8.0,K10Ca2Al2P6O25,Al-Ca-K-O-P,grace,,-2525.925613451984,8,K3Al(PO4)2(0.42) + K3PO4(0.34) + KCa10(PO4)7(0.20) + KAl11O17(0.04)
dentin,9.0,K6Ca2P4O15,Ca-K-O-P,grace,0.5295270657407407,-1.9664236907848331,8,K2CaP2O7(0.44) + K3PO4(0.39) + KCa10(PO4)7(0.17)
dentin,10.0,K5NaCaP2O9,Ca-K-Na-O-P,grace,0.24093851388888954,-2.072866216532111,8,K3PO4(0.74) + Na3PO4(0.15) + CaO(0.11)
dentin,11.0,K6Ca2SiP4O17,Ca-K-O-P-Si,grace,,-1969169.3981775467,8,K2CaP2O7(0.63) + K3PO4(0.23) + K2Ca4Si8O21(0.13) + K2Si4O9(0.02)
dentin,12.0,K5Na3Ca(PO5)2,Ca-K-Na-O-P,grace,0.46027610714285583,-1.6996038376925484,8,K3PO4(0.63) + Na2O(0.14) + Na3PO4(0.13) + CaO(0.10)
dentin,13.0,K8Na4Ca2P6O23,Ca-K-Na-O-P,grace,0.9437915058139561,-1.4510237820282963,8,K3PO4(0.37) + K2CaP2O7(0.28) + Na3PO4(0.19) + NaCaPO4(0.16)
dentin,14.0,K12Ca4Si2P6O29,Ca-K-O-P-Si,grace,0.718440325589623,-1.8049238196091635,8,K3PO4(0.54) + KCa10(PO4)7(0.24) + K2Ca4Si8O21(0.17) + K2CaP2O7(0.06)
dentin,15.0,K10Ca2Si2P4O21,Ca-K-O-P-Si,grace,,-7047019614.53896,8,K3PO4(0.61) + K2Ca4Si8O21(0.22) + KCa10(PO4)7(0.09) + K2CaP2O7(0.08)
enamel,1.0,Sr2Ca4Si4P6O29,Ca-O-P-Si-Sr,grace,,-20301256896350.344,8,Ca2P2O7(0.49) + SiO2(0.27) + Sr2P2O7(0.24)
enamel,2.0,Sr2Ca6Si6P6O35,Ca-O-P-Si-Sr,grace,,-2370600760959.299,8,Ca3(PO4)2(0.47) + SiO2(0.33) + Sr2P2O7(0.20)
enamel,3.0,SrCaSiP2O9,Ca-O-P-Si-Sr,grace,,-8365467.874086716,8,Ca2P2O7(0.39) + Sr2P2O7(0.39) + SiO2(0.21)
enamel,4.0,Ca2Mg2Al2P4O17,Al-Ca-Mg-O-P,grace,,-1109206387.1303988,8,Ca19Mg2(PO4)14(0.35) + MgAlPO5(0.30) + AlPO4(0.22) + Mg3(PO4)2(0.13)
enamel,5.0,Sr2Mg2Al2P4O17,Al-Mg-O-P-Sr,grace,,-113781156.1319856,8,MgAlPO5(0.59) + Sr2P2O7(0.41)
enamel,6.0,Ca6Mg2Si6P6O35,Ca-Mg-O-P-Si,grace,,-780641268567.6031,8,Ca19Mg2(PO4)14(0.35) + SiO2(0.33) + Ca2P2O7(0.20) + Mg3(PO4)2(0.12)
enamel,7.0,Ca2MgSi2(PO6)2,Ca-Mg-O-P-Si,grace,,-579257812381.2657,8,Ca19Mg2(PO4)14(0.50) + SiO2(0.32) + Mg3(PO4)2(0.18)
enamel,8.0,Ca6Mg2Si4P6O31,Ca-Mg-O-P-Si,grace,,-5.6348857977824e+18,8,Ca19Mg2(PO4)14(0.39) + SiO2(0.24) + Ca2P2O7(0.22) + Mg3(PO4)2(0.14)
enamel,9.0,SrMg2Si(PO5)2,Mg-O-P-Si-Sr,grace,,-8939702.893631415,8,Mg3(PO4)2(0.54) + Sr3(PO4)2(0.27) + SiO2(0.19)
enamel,10.0,Sr2Ca2Al2P4O17,Al-Ca-O-P-Sr,grace,,-1200078.189201942,8,Sr2P2O7(0.41) + Ca3(PO4)2(0.32) + AlPO4(0.15) + Al2O3(0.12)
enamel,11.0,Ca4Mg2Si4P6O29,Ca-Mg-O-P-Si,grace,,-26517266873.609966,8,Ca2P2O7(0.49) + SiO2(0.27) + Mg2P2O7(0.24)
enamel,12.0,SrMgSiP2O9,Mg-O-P-Si-Sr,grace,0.2955589999999937,-2.447192930697278,8,SrMgP2O7(0.79) + SiO2(0.21)
enamel,13.0,SrCa2Si2(PO6)2,Ca-O-P-Si-Sr,grace,,-1178265.1493291266,8,Ca3(PO4)2(0.46) + SiO2(0.32) + Sr3(PO4)2(0.23)
enamel,14.0,SrCa2AlPO7,Al-Ca-O-P-Sr,grace,0.8707341984126975,-2.1219647633928567,8,Sr3(PO4)2(0.36) + Ca11Al14O32(0.34) + Ca4P2O9(0.21) + CaO(0.09)
enamel,15.0,Sr2Mg2Si4P2O17,Mg-O-P-Si-Sr,grace,,-5154589661.922585,8,SiO2(0.39) + Sr3(PO4)2(0.32) + Mg3(PO4)2(0.16) + Mg2SiO4(0.13)
implant,1.0,SrCaLaPO6,Ca-La-O-P-Sr,grace,1.7284394916666566,-1.3523305785714286,8,Sr3(PO4)2(0.43) + La2O3(0.25) + Ca4P2O9(0.25) + CaO(0.07)
implant,2.0,Sr2La4Al2P4O21,Al-La-O-P-Sr,grace,,-32130229821.338802,8,LaPO4(0.55) + Sr3(PO4)2(0.20) + SrLaAl3O7(0.18) + LaAlO3(0.08)
implant,3.0,Sr4Ce2Mg2P2O15,Ce-Mg-O-P-Sr,grace,,-13078.82336541119,8,Sr10P6O25(0.55) + CeO2(0.20) + MgO(0.16) + Sr2CeO4(0.09)
implant,4.0,Sr2LaSiPO8,La-O-P-Si-Sr,grace,,-27017096.919998247,8,Sr3(PO4)2(0.50) + SrLa4Si3O13(0.40) + SrSiO3(0.10)
implant,5.0,Sr2CaLa2P2O11,Ca-La-O-P-Sr,grace,,-1.1753627028619555e+32,8,Sr3(PO4)2(0.48) + La2O3(0.21) + Ca4P2O9(0.21) + La3PO7(0.10)
implant,6.0,Sr2CeMg(PO5)2,Ce-Mg-O-P-Sr,grace,,-116.88402605133929,8,Sr3(PO4)2(0.54) + Mg3(PO4)2(0.27) + CeO2(0.19)
implant,7.0,Sr2Ce2Ti4P2O19,Ce-O-P-Sr-Ti,grace,,-25609187.387194466,8,TiO2(0.41) + Sr2P2O7(0.38) + CeO2(0.21)
implant,8.0,Ce2Mg2Ti2P2O15,Ce-Mg-O-P-Ti,grace,,-13651862.576039333,8,MgTi2(PO5)2(0.33) + Mg3(PO4)2(0.28) + CeO2(0.26) + TiO2(0.13)
implant,9.0,LaMgTiPO7,La-Mg-O-P-Ti,grace,,-7.362880088312561e+27,8,LaPO4(0.55) + MgTiO3(0.45)
implant,10.0,SrLaSiPO7,La-O-P-Si-Sr,grace,0.09509612121211841,-2.9725602646103884,8,LaPO4(0.55) + SrSiO3(0.45)
implant,11.0,Sr4Ce2Si2P2O17,Ce-O-P-Si-Sr,grace,,-5810902.412938685,8,Sr3(PO4)2(0.48) + CeO2(0.22) + SrSiO3(0.19) + SiO2(0.11)
implant,12.0,Sr4Ce4Mg2P2O19,Ce-Mg-O-P-Sr,grace,,-1173875091591118.0,8,Sr10P6O25(0.44) + CeO2(0.35) + MgO(0.13) + Sr2CeO4(0.08)
implant,13.0,Sr2Ca2Ce2P2O13,Ca-Ce-O-P-Sr,grace,,-134255104.54403886,8,Sr3(PO4)2(0.41) + CeO2(0.29) + Ca4P2O9(0.24) + CaO(0.06)
implant,14.0,Sr2Ce2Y2P4O19,Ce-O-P-Sr-Y,grace,,-19305788.722237505,8,YPO4(0.41) + Sr2P2O7(0.38) + CeO2(0.21)
implant,15.0,SrCaCeP2O9,Ca-Ce-O-P-Sr,grace,0.16035872321427824,-2.802475180697278,8,Sr2P2O7(0.39) + Ca2P2O7(0.39) + CeO2(0.21)
dentin,1.0,K5Na2Ca(PO4)3,Ca-K-Na-O-P,omni,0.9635453152173916,-1.3953385321267933,7,K3PO4(0.58) + NaCaPO4(0.30) + Na3PO4(0.12)
dentin,2.0,K8Na2Ca2P4O17,Ca-K-Na-O-P,omni,0.8638822045454546,-1.5005578514678806,8,K3PO4(0.65) + NaCaPO4(0.21) + Na3PO4(0.08) + CaO(0.06)
dentin,3.0,K4Na2CaP2O9,Ca-K-Na-O-P,omni,0.5681378148148148,-1.7374597266329141,8,K3PO4(0.59) + Na3PO4(0.30) + CaO(0.11)
dentin,4.0,K6Na4Ca2P4O17,Ca-K-Na-O-P,omni,0.52560101262626,-1.8366640972359065,8,K3PO4(0.48) + Na3PO4(0.24) + NaCaPO4(0.21) + CaO(0.06)
dentin,5.0,K4Ca(PO4)2,Ca-K-O-P,omni,0.2389530433333329,-2.1933640679365083,8,K3PO4(0.69) + KCa10(PO4)7(0.31)
dentin,6.0,K10Na2Ca2P6O23,Ca-K-Na-O-P,omni,0.912344406976743,-1.4778855445927364,7,K3PO4(0.50) + K2CaP2O7(0.28) + NaCaPO4(0.16) + Na3PO4(0.06)
dentin,7.0,K3NaCa(PO4)2,Ca-K-Na-O-P,omni,0.5504162277777773,-1.8822424049480024,7,K3PO4(0.53) + NaCaPO4(0.47)
dentin,8.0,K10Ca2Al2P6O25,Al-Ca-K-O-P,omni,0.4276706228976046,-2.0721228801587306,8,K3Al(PO4)2(0.42) + K3PO4(0.34) + KCa10(PO4)7(0.20) + KAl11O17(0.04)
dentin,9.0,K6Ca2P4O15,Ca-K-O-P,omni,-0.9569225037037032,-3.4461810402998236,8,K2CaP2O7(0.44) + K3PO4(0.39) + KCa10(PO4)7(0.17)
dentin,10.0,K5NaCaP2O9,Ca-K-Na-O-P,omni,0.21364762962963102,-2.093943612456669,8,K3PO4(0.74) + Na3PO4(0.15) + CaO(0.11)
dentin,11.0,K6Ca2SiP4O17,Ca-K-O-P-Si,omni,0.6595544845238059,-1.8691430196031746,8,K2CaP2O7(0.63) + K3PO4(0.23) + K2Ca4Si8O21(0.13) + K2Si4O9(0.02)
dentin,12.0,K5Na3Ca(PO5)2,Ca-K-Na-O-P,omni,0.7352900158730158,-1.4199753849792793,7,K3PO4(0.63) + Na2O(0.14) + Na3PO4(0.13) + CaO(0.10)
dentin,13.0,K8Na4Ca2P6O23,Ca-K-Na-O-P,omni,0.9847535155038791,-1.4038072913449422,8,K3PO4(0.37) + K2CaP2O7(0.28) + Na3PO4(0.19) + NaCaPO4(0.16)
dentin,14.0,K12Ca4Si2P6O29,Ca-K-O-P-Si,omni,0.654527438207543,-1.8626558831536386,7,K3PO4(0.54) + KCa10(PO4)7(0.24) + K2Ca4Si8O21(0.17) + K2CaP2O7(0.06)
dentin,15.0,K10Ca2Si2P4O21,Ca-K-O-P-Si,omni,0.5624698955128107,-1.9001422561050065,6,K3PO4(0.61) + K2Ca4Si8O21(0.22) + KCa10(PO4)7(0.09) + K2CaP2O7(0.08)
enamel,1.0,Sr2Ca4Si4P6O29,Ca-O-P-Si-Sr,omni,0.6009617999999826,-2.2151483097883595,6,Ca2P2O7(0.49) + SiO2(0.27) + Sr2P2O7(0.24)
enamel,2.0,Sr2Ca6Si6P6O35,Ca-O-P-Si-Sr,omni,0.5725789757575939,-2.2913223352813854,5,SiO2(0.29) + Ca2P2O7(0.27) + Ca5Si(PO6)2(0.24) + Sr2P2O7(0.20)
enamel,3.0,SrCaSiP2O9,Ca-O-P-Si-Sr,omni,0.4883243214285704,-2.3295621454081643,8,Sr2P2O7(0.39) + Ca2P2O7(0.39) + SiO2(0.21)
enamel,4.0,Ca2Mg2Al2P4O17,Al-Ca-Mg-O-P,omni,0.8500714093566994,-1.9336141847442687,6,Ca19Mg2(PO4)14(0.35) + MgAlPO5(0.30) + AlPO4(0.22) + Mg3(PO4)2(0.13)
enamel,5.0,Sr2Mg2Al2P4O17,Al-Mg-O-P-Sr,omni,0.5494633333333327,-2.2324796044973545,6,MgAlPO5(0.59) + Sr2P2O7(0.41)
enamel,6.0,Ca6Mg2Si6P6O35,Ca-Mg-O-P-Si,omni,0.5730187291866109,-2.2610524201298703,8,Ca19Mg2(PO4)14(0.35) + SiO2(0.33) + Ca2P2O7(0.20) + Mg3(PO4)2(0.12)
enamel,7.0,Ca2MgSi2(PO6)2,Ca-Mg-O-P-Si,omni,0.687865844875347,-2.1555494010025065,7,Ca19Mg2(PO4)14(0.50) + SiO2(0.32) + Mg3(PO4)2(0.18)
enamel,8.0,Ca6Mg2Si4P6O31,Ca-Mg-O-P-Si,omni,0.2676335735768065,-2.566263185860058,7,Ca19Mg2(PO4)14(0.39) + SiO2(0.24) + Ca2P2O7(0.22) + Mg3(PO4)2(0.14)
enamel,9.0,SrMg2Si(PO5)2,Mg-O-P-Si-Sr,omni,0.2885743020833269,-2.478447549107143,6,Mg3(PO4)2(0.54) + Sr3(PO4)2(0.27) + SiO2(0.19)
enamel,10.0,Sr2Ca2Al2P4O17,Al-Ca-O-P-Sr,omni,0.40047625925925967,-2.4544092711640215,7,Sr2P2O7(0.41) + Ca2P2O7(0.41) + Al2O3(0.19)
enamel,11.0,Ca4Mg2Si4P6O29,Ca-Mg-O-P-Si,omni,0.6015217999999942,-2.1530554357142857,7,Ca2P2O7(0.49) + SiO2(0.27) + Mg2P2O7(0.24)
enamel,12.0,SrMgSiP2O9,Mg-O-P-Si-Sr,omni,0.19640433928570733,-2.5405702882653065,8,SrMgP2O7(0.79) + SiO2(0.21)
enamel,13.0,SrCa2Si2(PO6)2,Ca-O-P-Si-Sr,omni,0.16249483333333625,-2.7240956466165427,8,Ca5Si(PO6)2(0.35) + Sr2P2O7(0.29) + SiO2(0.26) + Ca2P2O7(0.10)
enamel,14.0,SrCa2AlPO7,Al-Ca-O-P-Sr,omni,0.17472854315476116,-2.8125143521825393,7,Sr3(PO4)2(0.36) + Ca11Al14O32(0.34) + Ca4P2O9(0.21) + CaO(0.09)
enamel,15.0,Sr2Mg2Si4P2O17,Mg-O-P-Si-Sr,omni,0.4890637145061758,-2.34974439638448,8,SiO2(0.39) + Sr3(PO4)2(0.32) + Mg3(PO4)2(0.16) + Mg2SiO4(0.13)
implant,1.0,SrCaLaPO6,Ca-La-O-P-Sr,omni,1.7115343375000007,-1.3621146476190475,8,Sr3(PO4)2(0.43) + Ca4P2O9(0.25) + La2O3(0.25) + CaO(0.07)
implant,2.0,Sr2La4Al2P4O21,Al-La-O-P-Sr,omni,0.4611413626262708,-2.6213626764069264,8,LaPO4(0.51) + Sr3(PO4)2(0.24) + LaAlO3(0.18) + SrAl4O7(0.07)
implant,3.0,Sr4Ce2Mg2P2O15,Ce-Mg-O-P-Sr,omni,0.20044493333333158,-2.825320541428572,7,Sr10P6O25(0.55) + CeO2(0.20) + MgO(0.16) + Sr2CeO4(0.09)
implant,4.0,Sr2LaSiPO8,La-O-P-Si-Sr,omni,0.5247183397435897,-2.5757335109890107,8,Sr3(PO4)2(0.50) + SrLa4Si3O13(0.40) + SrSiO3(0.10)
implant,5.0,Sr2CaLa2P2O11,Ca-La-O-P-Sr,omni,0.19096747569444084,-2.8918266779100525,8,Sr3(PO4)2(0.48) + Ca4P2O9(0.21) + La2O3(0.21) + La3PO7(0.10)
implant,6.0,Sr2CeMg(PO5)2,Ce-Mg-O-P-Sr,omni,0.29293616666666544,-2.667805559523811,6,Sr3(PO4)2(0.54) + Mg3(PO4)2(0.27) + CeO2(0.19)
implant,7.0,Sr2Ce2Ti4P2O19,Ce-O-P-Sr-Ti,omni,0.430497689655172,-2.6340181334154353,7,TiO2(0.41) + Sr2P2O7(0.38) + CeO2(0.21)
implant,8.0,Ce2Mg2Ti2P2O15,Ce-Mg-O-P-Ti,omni,0.17999353260866435,-2.770305095755694,8,MgTi2(PO5)2(0.33) + Mg3(PO4)2(0.28) + CeO2(0.26) + TiO2(0.13)
implant,9.0,LaMgTiPO7,La-Mg-O-P-Ti,omni,0.24982774242423833,-2.7773957478354983,8,LaPO4(0.55) + MgTiO3(0.45)
implant,10.0,SrLaSiPO7,La-O-P-Si-Sr,omni,0.28415793939393996,-2.7764298387445887,8,LaPO4(0.55) + SrSiO3(0.45)
implant,11.0,Sr4Ce2Si2P2O17,Ce-O-P-Si-Sr,omni,0.5365423024691491,-2.528724075396826,8,Sr3(PO4)2(0.48) + CeO2(0.22) + SrSiO3(0.19) + SiO2(0.11)
implant,12.0,Sr4Ce4Mg2P2O19,Ce-Mg-O-P-Sr,omni,0.5114132365591342,-2.6048569205069128,8,Sr10P6O25(0.44) + CeO2(0.35) + MgO(0.13) + Sr2CeO4(0.08)
implant,13.0,Sr2Ca2Ce2P2O13,Ca-Ce-O-P-Sr,omni,0.3636975119047632,-2.7301757953514745,6,Sr3(PO4)2(0.41) + CeO2(0.29) + Ca4P2O9(0.24) + CaO(0.06)
implant,14.0,Sr2Ce2Y2P4O19,Ce-O-P-Sr-Y,omni,0.3931015517241452,-2.6644439708538585,6,YPO4(0.41) + Sr2P2O7(0.38) + CeO2(0.21)
implant,15.0,SrCaCeP2O9,Ca-Ce-O-P-Sr,omni,,-158.9243090382653,8,Ca2P2O7(0.39) + Sr2P2O7(0.39) + CeO2(0.21)
