showcase,rank,composition,chemsys,n_mp_entries,hull_energy_eV,decomposition,pred_modulus_GPa,pred_hardness_GPa,pred_density_gcc,fitness
enamel,1,Sr2Ca4Si4P6O29,Ca-O-P-Si-Sr,709,-7.88,Ca2P2O7(0.49) + SiO2(0.27) + Sr2P2O7(0.24),95.5,5.26,3.13,0.0899
enamel,2,Sr2Ca6Si6P6O35,Ca-O-P-Si-Sr,709,-7.9,Ca3(PO4)2(0.47) + SiO2(0.33) + Sr2P2O7(0.20),100.2,5.52,3.09,0.1176
enamel,3,SrCaSiP2O9,Ca-O-P-Si-Sr,709,-7.84,Ca2P2O7(0.39) + Sr2P2O7(0.39) + SiO2(0.21),96.3,5.13,3.31,0.1206
enamel,4,Ca2Mg2Al2P4O17,Al-Ca-Mg-O-P,562,-7.654,Ca19Mg2(PO4)14(0.35) + MgAlPO5(0.30) + AlPO4(0.22) + Mg3(PO4)2(0.13),100.7,7.03,2.9,0.1225
enamel,5,Sr2Mg2Al2P4O17,Al-Mg-O-P-Sr,563,-7.629,MgAlPO5(0.59) + Sr2P2O7(0.41),98.3,6.5,3.32,0.1351
enamel,6,Ca6Mg2Si6P6O35,Ca-Mg-O-P-Si,1541,-7.854,Ca19Mg2(PO4)14(0.35) + SiO2(0.33) + Ca2P2O7(0.20) + Mg3(PO4)2(0.12),104.6,6.92,2.97,0.1397
enamel,7,Ca2MgSi2(PO6)2,Ca-Mg-O-P-Si,1541,-7.813,Ca19Mg2(PO4)14(0.50) + SiO2(0.32) + Mg3(PO4)2(0.18),105.0,6.92,2.98,0.141
enamel,8,Ca6Mg2Si4P6O31,Ca-Mg-O-P-Si,1541,-7.79,Ca19Mg2(PO4)14(0.39) + SiO2(0.24) + Ca2P2O7(0.22) + Mg3(PO4)2(0.14),105.3,6.74,3.01,0.1412
enamel,9,SrMg2Si(PO5)2,Mg-O-P-Si-Sr,1471,-7.586,Mg3(PO4)2(0.54) + Sr3(PO4)2(0.27) + SiO2(0.19),100.9,6.63,3.25,0.1442
enamel,10,Sr2Ca2Al2P4O17,Al-Ca-O-P-Sr,439,-7.74,Sr2P2O7(0.41) + Ca3(PO4)2(0.32) + AlPO4(0.15) + Al2O3(0.12),100.0,5.76,3.32,0.1476
enamel,11,Ca4Mg2Si4P6O29,Ca-Mg-O-P-Si,1541,-7.814,Ca2P2O7(0.49) + SiO2(0.27) + Mg2P2O7(0.24),105.1,6.55,2.93,0.1484
enamel,12,SrMgSiP2O9,Mg-O-P-Si-Sr,1471,-7.73,SrMgP2O7(0.79) + SiO2(0.21),99.8,6.26,3.34,0.1487
enamel,13,SrCa2Si2(PO6)2,Ca-O-P-Si-Sr,709,-7.872,Ca3(PO4)2(0.46) + SiO2(0.32) + Sr3(PO4)2(0.23),102.8,5.65,3.25,0.1572
enamel,14,SrCa2AlPO7,Al-Ca-O-P-Sr,439,-7.488,Sr3(PO4)2(0.36) + Ca11Al14O32(0.34) + Ca4P2O9(0.21) + CaO(0.09),101.4,6.03,3.32,0.1581
enamel,15,Sr2Mg2Si4P2O17,Mg-O-P-Si-Sr,1471,-7.81,SiO2(0.39) + Sr3(PO4)2(0.32) + Mg3(PO4)2(0.16) + Mg2SiO4(0.13),101.2,6.81,3.35,0.1604
dentin,1,K5Na2Ca(PO4)3,Ca-K-Na-O-P,310,-6.42,K3PO4(0.58) + NaCaPO4(0.30) + Na3PO4(0.12),44.1,2.77,2.55,0.7962
dentin,2,K8Na2Ca2P4O17,Ca-K-Na-O-P,310,-6.367,K3PO4(0.65) + NaCaPO4(0.21) + Na3PO4(0.08) + CaO(0.06),44.3,2.63,2.58,0.8081
dentin,3,K4Na2CaP2O9,Ca-K-Na-O-P,310,-6.202,K3PO4(0.59) + Na3PO4(0.30) + CaO(0.11),45.2,2.83,2.52,0.8221
dentin,4,K6Na4Ca2P4O17,Ca-K-Na-O-P,310,-6.377,K3PO4(0.48) + Na3PO4(0.24) + NaCaPO4(0.21) + CaO(0.06),44.9,2.78,2.6,0.8309
dentin,5,K4NaCaP3O11,Ca-K-Na-O-P,310,-6.697,K2CaP2O7(0.60) + K3PO4(0.27) + Na3PO4(0.13),45.9,3.26,2.55,0.8512
dentin,6,K3NaCa(PO4)2,Ca-K-Na-O-P,310,-6.576,K3PO4(0.53) + NaCaPO4(0.47),46.9,3.27,2.55,0.8804
dentin,7,K10Ca2Mg2P8O29,Ca-K-Mg-O-P,373,-6.869,K2CaP2O7(0.47) + KMgPO4(0.27) + K4P2O7(0.25),47.3,3.43,2.56,0.8924
dentin,8,K6Ca2P4O15,Ca-K-O-P,206,-6.79,K2CaP2O7(0.44) + K3PO4(0.39) + KCa10(PO4)7(0.17),48.4,3.1,2.61,0.9355
dentin,9,K6NaCa2P5O18,Ca-K-Na-O-P,310,-6.839,K2CaP2O7(0.75) + K3PO4(0.17) + Na3PO4(0.08),49.0,3.41,2.6,0.9514
dentin,10,K10Na4Ca2P8O29,Ca-K-Na-O-P,310,-6.645,K2CaP2O7(0.45) + K3PO4(0.30) + Na4P2O7(0.25),49.4,3.23,2.58,0.9587
dentin,11,K6Ca2SiP4O17,Ca-K-O-P-Si,719,-6.953,K2CaP2O7(0.63) + K3PO4(0.23) + K2Ca4Si8O21(0.13) + K2Si4O9(0.02),49.7,3.58,2.55,0.9601
dentin,12,K12Ca4Al2P8O33,Al-Ca-K-O-P,457,-6.887,K3PO4(0.34) + K3Al(PO4)2(0.32) + KCa10(PO4)7(0.31) + KAl11O17(0.03),49.7,3.4,2.55,0.9609
dentin,13,K12Na2Ca4P8O31,Ca-K-Na-O-P,310,-6.677,K3PO4(0.46) + NaCaPO4(0.25) + K2CaP2O7(0.21) + KCa10(PO4)7(0.08),49.7,3.24,2.58,0.9661
dentin,14,K12Ca4Si2P6O29,Ca-K-O-P-Si,719,-6.794,K3PO4(0.50) + K2CaP2O7(0.23) + CaSiO3(0.19) + KCa10(PO4)7(0.09),50.5,3.66,2.59,0.9932
dentin,15,K6Ca2Mg(PO4)4,Ca-K-Mg-O-P,373,-6.771,K3PO4(0.46) + KCa9Mg(PO4)7(0.35) + KMgPO4(0.19),50.6,3.44,2.59,0.9945
implant,1,SrCaLaPO6,Ca-La-O-P-Sr,231,-7.833,Sr3(PO4)2(0.43) + La2O3(0.25) + Ca4P2O9(0.25) + CaO(0.07),109.2,5.4,4.38,0.0064
implant,2,Sr2La4Al2P4O21,Al-La-O-P-Sr,414,-8.231,LaPO4(0.55) + Sr3(PO4)2(0.20) + SrLaAl3O7(0.18) + LaAlO3(0.08),108.6,5.14,4.37,0.0097
implant,3,Sr4Ce2Mg2P2O15,Ce-Mg-O-P-Sr,392,-7.689,Sr10P6O25(0.55) + CeO2(0.20) + MgO(0.16) + Sr2CeO4(0.09),109.0,5.16,4.49,0.0136
implant,4,Sr2LaSiPO8,La-O-P-Si-Sr,605,-8.014,Sr3(PO4)2(0.50) + SrLa4Si3O13(0.40) + SrSiO3(0.10),106.1,5.33,4.43,0.0234
implant,5,Sr2CaLa2P2O11,Ca-La-O-P-Sr,231,-7.949,Sr3(PO4)2(0.48) + Ca4P2O9(0.21) + La2O3(0.21) + La3PO7(0.10),108.7,5.05,4.59,0.0249
implant,6,Sr2CeMg(PO5)2,Ce-Mg-O-P-Sr,392,-7.816,Sr3(PO4)2(0.54) + Mg3(PO4)2(0.27) + CeO2(0.19),114.1,5.55,4.27,0.0345
implant,7,Sr2Ce2Ti4P2O19,Ce-O-P-Sr-Ti,367,-8.719,TiO2(0.41) + Sr2P2O7(0.38) + CeO2(0.21),117.0,5.07,4.39,0.0384
implant,8,Ce2Mg2Ti2P2O15,Ce-Mg-O-P-Ti,610,-8.414,MgTi2(PO5)2(0.33) + Mg3(PO4)2(0.28) + CeO2(0.26) + TiO2(0.13),109.9,4.87,3.93,0.0448
implant,9,LaMgTiPO7,La-Mg-O-P-Ti,604,-8.395,LaPO4(0.55) + MgTiO3(0.45),110.2,5.14,3.93,0.045
implant,10,SrLaSiPO7,La-O-P-Si-Sr,605,-8.212,LaPO4(0.55) + SrSiO3(0.45),105.9,5.17,4.14,0.0459
implant,11,Sr4Ce2Si2P2O17,Ce-O-P-Si-Sr,597,-8.08,Sr3(PO4)2(0.48) + CeO2(0.22) + SrSiO3(0.19) + SiO2(0.11),117.7,5.5,4.45,0.0463
implant,12,Sr4Ce4Mg2P2O19,Ce-Mg-O-P-Sr,392,-7.983,Sr10P6O25(0.44) + CeO2(0.35) + MgO(0.13) + Sr2CeO4(0.08),109.3,4.85,4.87,0.0476
implant,13,Sr2Ca2Ce2P2O13,Ca-Ce-O-P-Sr,237,-7.99,Sr3(PO4)2(0.41) + CeO2(0.29) + Ca4P2O9(0.24) + CaO(0.06),101.5,5.09,4.43,0.0485
implant,14,Sr2Ce2Y2P4O19,Ce-O-P-Sr-Y,221,-8.443,YPO4(0.41) + Sr2P2O7(0.38) + CeO2(0.21),118.1,5.26,4.34,0.0489
implant,15,SrCaCeP2O9,Ca-Ce-O-P-Sr,237,-8.018,Ca2P2O7(0.39) + Sr2P2O7(0.39) + CeO2(0.21),113.7,5.37,4.09,0.0493
