showcase,rank,composition,n_atoms_formula_unit,n_elements,charge_balanced,simple_phase,pred_modulus_GPa,pred_hardness_GPa,pred_density_gcc,fitness
enamel,1,Sr2Ca4Si4P6O29,45,5,True,False,95.5,5.26,3.13,0.0899
enamel,2,Sr2Ca6Si6P6O35,55,5,True,False,100.2,5.52,3.09,0.1176
enamel,3,SrCaSiP2O9,14,5,True,True,96.3,5.13,3.31,0.1206
enamel,4,Ca2Mg2Al2P4O17,27,5,True,False,100.7,7.03,2.9,0.1225
enamel,5,Sr2Mg2Al2P4O17,27,5,True,False,98.3,6.5,3.32,0.1351
enamel,6,Ca6Mg2Si6P6O35,55,5,True,False,104.6,6.92,2.97,0.1397
enamel,7,Ca2MgSi2(PO6)2,19,5,True,True,105.0,6.92,2.98,0.141
enamel,8,Ca6Mg2Si4P6O31,49,5,True,False,105.3,6.74,3.01,0.1412
enamel,9,SrMg2Si(PO5)2,16,5,True,True,100.9,6.63,3.25,0.1442
enamel,10,Sr2Ca2Al2P4O17,27,5,True,False,100.0,5.76,3.32,0.1476
enamel,11,Ca4Mg2Si4P6O29,45,5,True,False,105.1,6.55,2.93,0.1484
enamel,12,SrMgSiP2O9,14,5,True,True,99.8,6.26,3.34,0.1487
enamel,13,SrCa2Si2(PO6)2,19,5,True,True,102.8,5.65,3.25,0.1572
enamel,14,SrCa2AlPO7,12,5,True,True,101.4,6.03,3.32,0.1581
enamel,15,Sr2Mg2Si4P2O17,27,5,True,False,101.2,6.81,3.35,0.1604
dentin,1,K5Na2Ca(PO4)3,23,5,True,False,44.1,2.77,2.55,0.7962
dentin,2,K8Na2Ca2P4O17,33,5,True,False,44.3,2.63,2.58,0.8081
dentin,3,K4Na2CaP2O9,18,5,True,True,45.2,2.83,2.52,0.8221
dentin,4,K6Na4Ca2P4O17,33,5,True,False,44.9,2.78,2.6,0.8309
dentin,5,K4NaCaP3O11,20,5,True,True,45.9,3.26,2.55,0.8512
dentin,6,K3NaCa(PO4)2,15,5,True,True,46.9,3.27,2.55,0.8804
dentin,7,K10Ca2Mg2P8O29,51,5,True,False,47.3,3.43,2.56,0.8924
dentin,8,K6Ca2P4O15,27,4,True,False,48.4,3.1,2.61,0.9355
dentin,9,K6NaCa2P5O18,32,5,True,False,49.0,3.41,2.6,0.9514
dentin,10,K10Na4Ca2P8O29,53,5,True,False,49.4,3.23,2.58,0.9587
dentin,11,K6Ca2SiP4O17,30,5,True,False,49.7,3.58,2.55,0.9601
dentin,12,K12Ca4Al2P8O33,59,5,True,False,49.7,3.4,2.55,0.9609
dentin,13,K12Na2Ca4P8O31,57,5,True,False,49.7,3.24,2.58,0.9661
dentin,14,K12Ca4Si2P6O29,53,5,True,False,50.5,3.66,2.59,0.9932
dentin,15,K6Ca2Mg(PO4)4,29,5,True,False,50.6,3.44,2.59,0.9945
implant,1,SrCaLaPO6,10,5,True,True,109.2,5.4,4.38,0.0064
implant,2,Sr2La4Al2P4O21,33,5,True,False,108.6,5.14,4.37,0.0097
implant,3,Sr4Ce2Mg2P2O15,25,5,True,False,109.0,5.16,4.49,0.0136
implant,4,Sr2LaSiPO8,13,5,True,True,106.1,5.33,4.43,0.0234
implant,5,Sr2CaLa2P2O11,18,5,True,True,108.7,5.05,4.59,0.0249
implant,6,Sr2CeMg(PO5)2,16,5,True,True,114.1,5.55,4.27,0.0345
implant,7,Sr2Ce2Ti4P2O19,29,5,True,False,117.0,5.07,4.39,0.0384
implant,8,Ce2Mg2Ti2P2O15,23,5,True,False,109.9,4.87,3.93,0.0448
implant,9,LaMgTiPO7,11,5,True,True,110.2,5.14,3.93,0.045
implant,10,SrLaSiPO7,11,5,True,True,105.9,5.17,4.14,0.0459
implant,11,Sr4Ce2Si2P2O17,27,5,True,False,117.7,5.5,4.45,0.0463
implant,12,Sr4Ce4Mg2P2O19,31,5,True,False,109.3,4.85,4.87,0.0476
implant,13,Sr2Ca2Ce2P2O13,21,5,True,False,101.5,5.09,4.43,0.0485
implant,14,Sr2Ce2Y2P4O19,29,5,True,False,118.1,5.26,4.34,0.0489
implant,15,SrCaCeP2O9,14,5,True,True,113.7,5.37,4.09,0.0493
