showcase,rank,composition,target_E,pred_E_GPa,E_lo_GPa,E_hi_GPa,target_in_interval,ad_distance,in_domain,fitness
enamel,1,SrCaSiP2O9,85.0,100.0,57.1,175.0,True,5.77,True,0.1449
enamel,2,Sr4Mg2Si4P6O29,85.0,95.0,54.3,166.3,True,5.83,True,0.1468
enamel,3,SrCaSi2P2O11,85.0,102.6,58.6,179.6,True,5.87,True,0.1693
enamel,4,Sr4Mg2Si2P6O25,85.0,112.1,64.0,196.3,True,5.74,True,0.1841
enamel,5,Sr2MgSi2(PO6)2,85.0,98.8,56.4,173.0,True,5.75,True,0.1899
enamel,6,Sr2Ca2Al2P4O17,85.0,103.9,59.4,182.0,True,6.1,True,0.1916
enamel,7,SrCa2Si2(PO6)2,85.0,102.3,58.4,179.0,True,5.78,True,0.1957
enamel,8,Sr2MgSi3(PO7)2,85.0,99.3,56.7,173.8,True,5.83,True,0.2073
enamel,9,Sr2Mg2Al2P4O17,85.0,111.2,63.5,194.7,True,6.19,True,0.2085
enamel,10,Sr2CaSi2(PO6)2,85.0,95.2,54.4,166.7,True,5.73,True,0.2106
enamel,11,SrMgSiP2O9,85.0,109.1,62.3,191.0,True,5.85,True,0.2113
enamel,12,Sr2MgSi(PO5)2,85.0,105.3,60.1,184.3,True,5.63,True,0.2138
enamel,13,SrMg2Si(PO5)2,85.0,120.2,68.6,210.4,True,5.77,True,0.2211
enamel,14,Sr2Ca2Si4P2O17,85.0,115.7,66.1,202.5,True,5.85,True,0.2275
enamel,15,Ca2MgSi2(PO6)2,85.0,113.6,64.9,198.8,True,5.77,True,0.2294
dentin,1,KNaO,20.0,33.7,21.8,52.2,False,8.3,True,0.6487
dentin,2,K12Na12P2O17,20.0,33.4,21.6,51.8,False,8.88,True,0.734
dentin,3,K6Na6MgO7,20.0,36.0,23.2,55.7,False,9.27,True,0.7851
dentin,4,K10Na12Mg2O13,20.0,36.0,23.3,55.8,False,9.15,True,0.7868
dentin,5,K12Na10Mg2O13,20.0,36.0,23.3,55.8,False,9.29,True,0.7912
dentin,6,K6Na6CaO7,20.0,35.9,23.2,55.6,False,9.31,True,0.796
dentin,7,K5Na5MgO6,20.0,36.5,23.6,56.6,False,9.21,True,0.799
dentin,8,K6Na6CaMgO8,20.0,40.0,25.9,62.0,False,9.33,True,0.8405
dentin,9,K12Na10Ca2Mg2O15,20.0,40.0,25.9,62.0,False,9.33,True,0.8443
dentin,10,K5Na5CaMgO7,20.0,41.9,27.1,64.9,False,9.24,True,0.8446
dentin,11,K10Na8Ca2Mg2O13,20.0,42.9,27.7,66.5,False,9.24,True,0.8853
dentin,12,K8Na6Ca2Mg2O11,20.0,47.2,30.4,73.0,False,9.1,True,0.9117
dentin,13,K6Na6CaMg2O9,20.0,42.9,27.7,66.5,False,9.09,True,0.9243
dentin,14,K6Na6CaMg3O10,20.0,45.8,29.6,71.0,False,8.89,True,0.9254
dentin,15,K4Na4CaMgO6,20.0,45.8,29.6,71.0,False,9.12,True,0.9279
implant,1,La2CeMg2(PO6)2,110.0,122.4,69.9,214.4,True,8.73,True,0.0642
implant,2,Sr2LaY(PO5)2,110.0,98.4,56.2,172.2,True,5.93,True,0.0716
implant,3,Sr2La4Al2P4O21,110.0,117.4,67.1,205.5,True,6.06,True,0.0784
implant,4,Sr4Ce2Mg2P2O15,110.0,104.6,59.7,183.1,True,8.63,True,0.0829
implant,5,SrLa2SiP2O11,110.0,111.5,63.7,195.2,True,5.64,True,0.0844
implant,6,Sr4Ce2Ti2P2O17,110.0,132.1,75.4,231.2,True,8.5,True,0.0856
implant,7,SrCaLaPO6,110.0,110.7,63.2,193.8,True,6.28,True,0.087
implant,8,Sr4Ce2Y2P4O21,110.0,101.2,57.8,177.2,True,8.55,True,0.0879
implant,9,LaMgZrPO7,110.0,111.4,63.6,195.0,True,6.19,True,0.0894
implant,10,Sr2La2MgP2O11,110.0,115.2,65.8,201.7,True,6.02,True,0.0955
implant,11,Ce2Mg2Ti2P2O15,110.0,110.4,63.1,193.3,True,8.69,True,0.0966
implant,12,Sr2Ce2ZrP2O13,110.0,107.1,61.2,187.6,True,8.38,True,0.0984
implant,13,Sr4Ce4Mg2P2O19,110.0,115.6,66.0,202.4,True,8.09,True,0.0984
implant,14,Sr2La2Si(PO6)2,110.0,102.4,58.5,179.4,True,5.74,True,0.0998
implant,15,SrLa2ZrP2O11,110.0,127.5,72.8,223.3,True,5.95,True,0.1015
